object_id,objectID,isHighlight,accessionNumber,accessionYear,isPublicDomain,primaryImage,primaryImageSmall,additionalImages,objectName,title,culture,period,dynasty,reign,portfolio,constituents,artistRole,artistPrefix,artistDisplayName,artistDisplayBio,artistSuffix,artistAlphaSort,artistNationality,artistBeginDate,artistEndDate,artistGender,artistWikidata_URL,artistULAN_URL,objectDate,objectBeginDate,objectEndDate,medium,dimensions,measurements,department,classification,creditLine,rightsAndReproduction,geographyType,city,state,county,country,region,subregion,locale,locus,excavation,river,linkResource,objectURL,objectWikidata_URL,metadataDate,repository,tags,isTimelineWork,GalleryNumber,image_downloaded
436446,436446,False,49.58.1,1949,True,https://images.metmuseum.org/CRDImages/ep/original/DT1342.jpg,https://images.metmuseum.org/CRDImages/ep/web-large/DT1342.jpg,[],Painting,Two Tahitian Women,,,,,,"[{'constituentID': 161924, 'role': 'Artist', 'name': 'Paul Gauguin', 'constituentULAN_URL': 'http://vocab.getty.edu/page/ulan/500011421', 'constituentWikidata_URL': 'https://www.wikidata.org/wiki/Q37693', 'gender': ''}]",Artist,,Paul Gauguin,"French, Paris 1848–1903 Atuona, Hiva Oa, Marquesas Islands",,"Gauguin, Paul",French,1848.0,1903.0,,https://www.wikidata.org/wiki/Q37693,http://vocab.getty.edu/page/ulan/500011421,1899,1899,1899,Oil on canvas,37 x 28 1/2 in. (94 x 72.4 cm),"[{'elementName': 'Overall', 'elementDescription': None, 'elementMeasurements': {'Height': 94, 'Width': 72.4}}, {'elementName': 'Framed', 'elementDescription': None, 'elementMeasurements': {'Depth': 9.525, 'Height': 121.9202, 'Width': 101.6002}}]",European Paintings,Paintings,"Gift of William Church Osborn, 1949",,,,,,,,,,,,,,https://www.metmuseum.org/art/collection/search/436446,https://www.wikidata.org/wiki/Q3235403,2025-05-13T08:51:27.153Z,"Metropolitan Museum of Art, New York, NY",['Female Nudes'],True,825.0,True
436448,436448,False,54.143.2,1954,True,https://images.metmuseum.org/CRDImages/ep/original/DP123847.jpg,https://images.metmuseum.org/CRDImages/ep/web-large/DP123847.jpg,[],Painting,A Farm in Brittany,,,,,,"[{'constituentID': 161924, 'role': 'Artist', 'name': 'Paul Gauguin', 'constituentULAN_URL': 'http://vocab.getty.edu/page/ulan/500011421', 'constituentWikidata_URL': 'https://www.wikidata.org/wiki/Q37693', 'gender': ''}]",Artist,,Paul Gauguin,"French, Paris 1848–1903 Atuona, Hiva Oa, Marquesas Islands",,"Gauguin, Paul",French,1848.0,1903.0,,https://www.wikidata.org/wiki/Q37693,http://vocab.getty.edu/page/ulan/500011421,ca. 1894,1894,1894,Oil on canvas,28 1/2 x 35 5/8 in. (72.4 x 90.5 cm),"[{'elementName': 'Overall', 'elementDescription': None, 'elementMeasurements': {'Height': 72.4, 'Width': 90.5}}, {'elementName': 'Framed', 'elementDescription': None, 'elementMeasurements': {'Depth': 6.985, 'Height': 94.9327, 'Width': 113.3477}}]",European Paintings,Paintings,"Bequest of Margaret Seligman Lewisohn, in memory of her husband, Sam A. Lewisohn, 1954",,,,,,,,,,,,,,https://www.metmuseum.org/art/collection/search/436448,https://www.wikidata.org/wiki/Q19905040,2025-07-31T04:50:45.81Z,"Metropolitan Museum of Art, New York, NY",['Farms'],False,825.0,True
436449,436449,False,1993.400.3,1993,True,https://images.metmuseum.org/CRDImages/ep/original/DT1952.jpg,https://images.metmuseum.org/CRDImages/ep/web-large/DT1952.jpg,[],Painting,The Siesta,,,,,,"[{'constituentID': 161924, 'role': 'Artist', 'name': 'Paul Gauguin', 'constituentULAN_URL': 'http://vocab.getty.edu/page/ulan/500011421', 'constituentWikidata_URL': 'https://www.wikidata.org/wiki/Q37693', 'gender': ''}]",Artist,,Paul Gauguin,"French, Paris 1848–1903 Atuona, Hiva Oa, Marquesas Islands",,"Gauguin, Paul",French,1848.0,1903.0,,https://www.wikidata.org/wiki/Q37693,http://vocab.getty.edu/page/ulan/500011421,ca. 1892–94,1892,1894,Oil on canvas,35 x 45 3/4 in. (88.9 x 116.2 cm),"[{'elementName': 'Overall', 'elementDescription': None, 'elementMeasurements': {'Height': 88.9, 'Width': 116.2}}]",European Paintings,Paintings,"The Walter H. and Leonore Annenberg Collection, Gift of Walter H. and Leonore Annenberg, 1993, Bequest of Walter H. Annenberg, 2002",,,,,,,,,,,,,,https://www.metmuseum.org/art/collection/search/436449,https://www.wikidata.org/wiki/Q3212828,2025-05-22T04:50:13.743Z,"Metropolitan Museum of Art, New York, NY","['Women', 'Baskets', 'Irons']",True,822.0,True
436450,436450,False,67.187.69,1967,True,https://images.metmuseum.org/CRDImages/ep/original/DT1501.jpg,https://images.metmuseum.org/CRDImages/ep/web-large/DT1501.jpg,[],Painting,Still Life,,,,,,"[{'constituentID': 161924, 'role': 'Artist', 'name': 'Style of Paul Gauguin', 'constituentULAN_URL': 'http://vocab.getty.edu/page/ulan/500011421', 'constituentWikidata_URL': 'https://www.wikidata.org/wiki/Q37693', 'gender': ''}]",Artist,Style of,Paul Gauguin,"French, late 19th century",,"Gauguin, Paul",French,1848.0,1903.0,,https://www.wikidata.org/wiki/Q37693,http://vocab.getty.edu/page/ulan/500011421,,1870,1899,Oil on canvas,15 1/8 x 18 1/4 in. (38.4 x 46.4 cm),"[{'elementName': 'Overall', 'elementDescription': None, 'elementMeasurements': {'Height': 38.4, 'Width': 46.4}}, {'elementName': 'Framed', 'elementDescription': None, 'elementMeasurements': {'Depth': 8.8900175, 'Height': 60.32512, 'Width': 68.89764}}]",European Paintings,Paintings,"Bequest of Miss Adelaide Milton de Groot (1876-1967), 1967",,,,,,,,,,,,,,https://www.metmuseum.org/art/collection/search/436450,https://www.wikidata.org/wiki/Q19912494,2025-01-30T04:54:21.21Z,"Metropolitan Museum of Art, New York, NY","['Fruit', 'Still Life', 'Vases']",False,,True
436451,436451,False,39.182,1939,True,https://images.metmuseum.org/CRDImages/ep/original/DP-14936-043.jpg,https://images.metmuseum.org/CRDImages/ep/web-large/DP-14936-043.jpg,[],Painting,Tahitian Landscape,,,,,,"[{'constituentID': 161924, 'role': 'Artist', 'name': 'Paul Gauguin', 'constituentULAN_URL': 'http://vocab.getty.edu/page/ulan/500011421', 'constituentWikidata_URL': 'https://www.wikidata.org/wiki/Q37693', 'gender': ''}]",Artist,,Paul Gauguin,"French, Paris 1848–1903 Atuona, Hiva Oa, Marquesas Islands",,"Gauguin, Paul",French,1848.0,1903.0,,https://www.wikidata.org/wiki/Q37693,http://vocab.getty.edu/page/ulan/500011421,1892,1892,1892,Oil on canvas,25 3/8 x 18 5/8 in. (64.5 x 47.3 cm),"[{'elementName': 'Overall', 'elementDescription': None, 'elementMeasurements': {'Height': 64.5, 'Width': 47.3}}, {'elementName': 'Framed', 'elementDescription': None, 'elementMeasurements': {'Depth': 6.35, 'Height': 81.2802, 'Width': 66.0401}}, {'elementName': 'Glazing', 'elementDescription': None, 'elementMeasurements': {'Height': 65.08763, 'Width': 47.942596}}]",European Paintings,Paintings,"Anonymous Gift, 1939",,,,,,,,,,,,,,https://www.metmuseum.org/art/collection/search/436451,https://www.wikidata.org/wiki/Q19905194,2025-09-03T04:50:00.593Z,"Metropolitan Museum of Art, New York, NY","['Men', 'Women', 'Horses', 'Landscapes']",False,825.0,True
436452,436452,False,30.95.262,1930,True,https://images.metmuseum.org/CRDImages/ep/original/DP254091.jpg,https://images.metmuseum.org/CRDImages/ep/web-large/DP254091.jpg,"['https://images.metmuseum.org/CRDImages/ep/original/sf gentile 1915.jpg', 'https://images.metmuseum.org/CRDImages/ep/original/ep30.95.262.bw.R.jpg', 'https://images.metmuseum.org/CRDImages/ep/original/gentile underdrawing.jpg']",Painting,Madonna and Child with Angels,,,,,,"[{'constituentID': 107690, 'role': 'Artist', 'name': 'Gentile da Fabriano (Gentile di Niccolò di Giovanni di Massio)', 'constituentULAN_URL': 'http://vocab.getty.edu/page/ulan/500017803', 'constituentWikidata_URL': 'https://www.wikidata.org/wiki/Q312393', 'gender': ''}]",Artist,,Gentile da Fabriano (Gentile di Niccolò di Giovanni di Massio),"Italian, Umbrian, active by 1408–died 1427",,Gentile da Fabriano (Gentile di Niccolò di Giovanni di Massio),Italian,1408.0,1427.0,,https://www.wikidata.org/wiki/Q312393,http://vocab.getty.edu/page/ulan/500017803,,1408,1427,"Tempera on wood, traces of gold ground",33 3/4 x 20 in. (85.7 x 50.8 cm),"[{'elementName': 'Overall', 'elementDescription': None, 'elementMeasurements': {'Height': 85.7, 'Width': 50.8}}, {'elementName': 'Framed', 'elementDescription': None, 'elementMeasurements': {'Depth': 5.08, 'Height': 105.4102, 'Width': 66.6751}}]",European Paintings,Paintings,"Theodore M. Davis Collection, Bequest of Theodore M. Davis, 1915",,,,,,,,,,,,,,https://www.metmuseum.org/art/collection/search/436452,https://www.wikidata.org/wiki/Q1125200,2025-09-24T04:50:58.447Z,"Metropolitan Museum of Art, New York, NY","['Angels', 'Madonna and Child']",False,,True
436453,436453,False,69.281,1969,True,https://images.metmuseum.org/CRDImages/ep/original/DP-20748-001.jpg,https://images.metmuseum.org/CRDImages/ep/web-large/DP-20748-001.jpg,"['https://images.metmuseum.org/CRDImages/ep/original/Gentileschi Esther x-raynocap.jpg', 'https://images.metmuseum.org/CRDImages/ep/original/LC-69_281-2.jpg', 'https://images.metmuseum.org/CRDImages/ep/original/LC-69_281-3.jpg']",Painting,Esther before Ahasuerus,,,,,,"[{'constituentID': 107691, 'role': 'Artist', 'name': 'Artemisia Gentileschi', 'constituentULAN_URL': 'http://vocab.getty.edu/page/ulan/500011658', 'constituentWikidata_URL': 'https://www.wikidata.org/wiki/Q212657', 'gender': 'Female'}]",Artist,,Artemisia Gentileschi,"Italian, born Rome 1593–died Naples 1654 or later",,"Gentileschi, Artemisia",Italian,1593.0,1654.0,Female,https://www.wikidata.org/wiki/Q212657,http://vocab.getty.edu/page/ulan/500011658,1620s,1620,1629,Oil on canvas,82 in. × 8 ft. 11 3/4 in. (208.3 × 273.7 cm),"[{'elementName': 'Overall', 'elementDescription': None, 'elementMeasurements': {'Height': 208.3, 'Width': 273.7}}, {'elementName': 'Framed', 'elementDescription': None, 'elementMeasurements': {'Depth': 10.16002, 'Height': 233.04547, 'Width': 299.0856}}, {'elementName': 'Other', 'elementDescription': 'Picture + Frame', 'elementMeasurements': {'Weight': 58.06042}}]",European Paintings,Paintings,"Gift of Elinor Dorrance Ingersoll, 1969",,,,,,,,,,,,,,https://www.metmuseum.org/art/collection/search/436453,https://www.wikidata.org/wiki/Q3733425,2025-05-02T04:50:40.06Z,"Metropolitan Museum of Art, New York, NY","['Men', 'Women', 'Esther', 'Ahasuerus']",True,,True
436454,436454,False,41.17,1941,True,https://images.metmuseum.org/CRDImages/ep/original/DT2006.jpg,https://images.metmuseum.org/CRDImages/ep/web-large/DT2006.jpg,['https://images.metmuseum.org/CRDImages/ep/original/Gericault_41_17_IRR_overall2.jpg'],Painting,Alfred Dedreux (1810–1860) as a Child,,,,,,"[{'constituentID': 164229, 'role': 'Artist', 'name': 'Théodore Géricault', 'constituentULAN_URL': 'http://vocab.getty.edu/page/ulan/500115562', 'constituentWikidata_URL': 'https://www.wikidata.org/wiki/Q184212', 'gender': ''}]",Artist,,Théodore Géricault,"French, Rouen 1791–1824 Paris",,"Géricault, Théodore",French,1791.0,1824.0,,https://www.wikidata.org/wiki/Q184212,http://vocab.getty.edu/page/ulan/500115562,ca. 1819–20,1819,1820,Oil on canvas,18 x 15 in. (45.7 x 38.1 cm),"[{'elementName': 'Overall', 'elementDescription': None, 'elementMeasurements': {'Height': 45.7, 'Width': 38.1}}, {'elementName': 'Framed', 'elementDescription': None, 'elementMeasurements': {'Depth': 6.985, 'Height': 56.5151, 'Width': 48.8951}}]",European Paintings,Paintings,"The Alfred N. Punnett Endowment Fund, 1941",,,,,,,,,,,,,,https://www.metmuseum.org/art/collection/search/436454,https://www.wikidata.org/wiki/Q19905811,2025-10-28T04:53:15.177Z,"Metropolitan Museum of Art, New York, NY","['Boys', 'Portraits']",True,,True
436455,436455,False,1989.183,1989,True,https://images.metmuseum.org/CRDImages/ep/original/DT2138.jpg,https://images.metmuseum.org/CRDImages/ep/web-large/DT2138.jpg,[],Painting,Evening: Landscape with an Aqueduct,,,,,,"[{'constituentID': 164229, 'role': 'Artist', 'name': 'Théodore Géricault', 'constituentULAN_URL': 'http://vocab.getty.edu/page/ulan/500115562', 'constituentWikidata_URL': 'https://www.wikidata.org/wiki/Q184212', 'gender': ''}]",Artist,,Théodore Géricault,"French, Rouen 1791–1824 Paris",,"Géricault, Théodore",French,1791.0,1824.0,,https://www.wikidata.org/wiki/Q184212,http://vocab.getty.edu/page/ulan/500115562,1818,1818,1818,Oil on canvas,98 1/2 x 86 1/2 in. (250.2 x 219.7 cm),"[{'elementName': 'Framed', 'elementDescription': None, 'elementMeasurements': {'Depth': 10.16, 'Height': 279.4006, 'Width': 246.3805}}, {'elementName': 'Overall', 'elementDescription': None, 'elementMeasurements': {'Height': 250.2, 'Width': 219.7}}]",European Paintings,Paintings,"Purchase, Gift of James A. Moffett 2nd, in memory of George M. Moffett, by exchange, 1989",,,,,,,,,,,,,,https://www.metmuseum.org/art/collection/search/436455,https://www.wikidata.org/wiki/Q19911548,2025-10-28T04:53:15.177Z,"Metropolitan Museum of Art, New York, NY","['Men', 'Rivers', 'Landscapes', 'Evening', 'Aqueducts']",True,802.0,True
436456,436456,False,58.135,1958,True,https://images.metmuseum.org/CRDImages/ep/original/DP-24730-001.jpg,https://images.metmuseum.org/CRDImages/ep/web-large/DP-24730-001.jpg,[],Painting,An Episode from the Life of Saint Giovanni Gualberto,,,,,,"[{'constituentID': 107693, 'role': 'Artist', 'name': 'Attributed to Niccolò di Pietro Gerini', 'constituentULAN_URL': 'http://vocab.getty.edu/page/ulan/500021490', 'constituentWikidata_URL': 'https://www.wikidata.org/wiki/Q1077403', 'gender': ''}]",Artist,Attributed to,Niccolò di Pietro Gerini,"Italian, Florentine, active by 1368–died 1414/15",,"Gerini, Niccolò di Pietro",Italian,1368.0,1415.0,,https://www.wikidata.org/wiki/Q1077403,http://vocab.getty.edu/page/ulan/500021490,,1368,1415,"Tempera on wood, gold ground","Arched top, 57 3/4 x 28 1/2 in. (146.7 x 72.4 cm)","[{'elementName': 'Overall', 'elementDescription': None, 'elementMeasurements': {'Height': 146.7, 'Width': 72.4}}]",European Paintings,Paintings,"Gwynne Andrews Fund, 1958",,,,,,,,,,,,,,https://www.metmuseum.org/art/collection/search/436456,https://www.wikidata.org/wiki/Q19912338,2025-01-30T04:54:21.21Z,"Metropolitan Museum of Art, New York, NY","['Men', 'Horses', 'Crucifixion', 'Saints']",False,,True
436460,436460,False,26.168.63,1926,True,https://images.metmuseum.org/CRDImages/ep/original/257493.jpg,https://images.metmuseum.org/CRDImages/ep/web-large/257493.jpg,[],"Painting, miniature",Portrait of a Man,,,,,,"[{'constituentID': 127868, 'role': 'Artist', 'name': 'German Painter', 'constituentULAN_URL': '', 'constituentWikidata_URL': '', 'gender': ''}]",Artist,,German Painter,ca. 1790–1800,,German Painter,German,,,,,,,1790,1800,Ivory,"Octagonal, 1 1/8 x 3/4 in. (29 x 19 mm)","[{'elementName': 'Overall', 'elementDescription': None, 'elementMeasurements': {'Height': 2.9, 'Width': 1.9}}]",European Paintings,Miniatures,"Bequest of Collis P. Huntington, 1900",,,,,,,,,,,,,,https://www.metmuseum.org/art/collection/search/436460,https://www.wikidata.org/wiki/Q19913781,2024-10-03T04:53:53.567Z,"Metropolitan Museum of Art, New York, NY","['Boys', 'Girls', 'Men', 'Portraits']",False,,True
436461,436461,False,26.168.64,1926,True,https://images.metmuseum.org/CRDImages/ep/original/257493.jpg,https://images.metmuseum.org/CRDImages/ep/web-large/257493.jpg,[],"Painting, miniature",Portrait of a Woman,,,,,,"[{'constituentID': 127868, 'role': 'Artist', 'name': 'German Painter', 'constituentULAN_URL': '', 'constituentWikidata_URL': '', 'gender': ''}]",Artist,,German Painter,ca. 1790–1800,,German Painter,German,,,,,,,1790,1800,Ivory,"Octagonal, 1 1/8 x 3/4 in. (29 x 19 mm)","[{'elementName': 'Overall', 'elementDescription': None, 'elementMeasurements': {'Height': 2.9, 'Width': 1.9}}]",European Paintings,Miniatures,"Bequest of Collis P. Huntington, 1900",,,,,,,,,,,,,,https://www.metmuseum.org/art/collection/search/436461,https://www.wikidata.org/wiki/Q19913782,2024-10-04T04:54:16Z,"Metropolitan Museum of Art, New York, NY","['Portraits', 'Women']",False,,True
436462,436462,False,26.168.65,1926,True,https://images.metmuseum.org/CRDImages/ep/original/257493.jpg,https://images.metmuseum.org/CRDImages/ep/web-large/257493.jpg,[],"Painting, miniature",Portrait of a Child,,,,,,"[{'constituentID': 127868, 'role': 'Artist', 'name': 'German Painter', 'constituentULAN_URL': '', 'constituentWikidata_URL': '', 'gender': ''}]",Artist,,German Painter,ca. 1790–1800,,German Painter,German,,,,,,,1790,1800,Ivory,"Octagonal, 1 1/8 x 3/4 in. (29 x 19 mm)","[{'elementName': 'Overall', 'elementDescription': None, 'elementMeasurements': {'Height': 2.9, 'Width': 1.9}}]",European Paintings,Miniatures,"Bequest of Collis P. Huntington, 1900",,,,,,,,,,,,,,https://www.metmuseum.org/art/collection/search/436462,https://www.wikidata.org/wiki/Q19913783,2024-10-04T04:54:16Z,"Metropolitan Museum of Art, New York, NY","['Children', 'Portraits']",False,,True
436463,436463,False,26.168.66,1926,True,https://images.metmuseum.org/CRDImages/ep/original/257493.jpg,https://images.metmuseum.org/CRDImages/ep/web-large/257493.jpg,[],"Painting, miniature",Portrait of a Child,,,,,,"[{'constituentID': 127868, 'role': 'Artist', 'name': 'German Painter', 'constituentULAN_URL': '', 'constituentWikidata_URL': '', 'gender': ''}]",Artist,,German Painter,ca. 1790–1800,,German Painter,German,,,,,,,1790,1800,Ivory,"Octagonal, 1 1/8 x 3/4 in. (29 x 19 mm)","[{'elementName': 'Overall', 'elementDescription': None, 'elementMeasurements': {'Height': 2.9, 'Width': 1.9}}]",European Paintings,Miniatures,"Bequest of Collis P. Huntington, 1900",,,,,,,,,,,,,,https://www.metmuseum.org/art/collection/search/436463,https://www.wikidata.org/wiki/Q19913785,2024-10-04T04:54:16Z,"Metropolitan Museum of Art, New York, NY","['Girls', 'Portraits']",False,,True
436464,436464,False,26.168.67,1926,True,https://images.metmuseum.org/CRDImages/ep/original/257481.jpg,https://images.metmuseum.org/CRDImages/ep/web-large/257481.jpg,[],"Painting, miniature",Portrait of a Man,,,,,,"[{'constituentID': 127868, 'role': 'Artist', 'name': 'German Painter', 'constituentULAN_URL': '', 'constituentWikidata_URL': '', 'gender': ''}]",Artist,,German Painter,ca. 1790–1800,,German Painter,German,,,,,,,1790,1800,Ivory,"Octagonal, 1 1/8 x 3/4 in. (29 x 19 mm)","[{'elementName': 'Overall', 'elementDescription': None, 'elementMeasurements': {'Height': 2.9, 'Width': 1.9}}]",European Paintings,Miniatures,"Bequest of Collis P. Huntington, 1900",,,,,,,,,,,,,,https://www.metmuseum.org/art/collection/search/436464,https://www.wikidata.org/wiki/Q19913787,2024-10-04T04:54:16Z,"Metropolitan Museum of Art, New York, NY","['Girls', 'Portraits', 'Women']",False,,True
436465,436465,False,26.168.68,1926,True,https://images.metmuseum.org/CRDImages/ep/original/257481.jpg,https://images.metmuseum.org/CRDImages/ep/web-large/257481.jpg,[],"Painting, miniature",Caroline Maria Therese of Parma (1770–1804),,,,,,"[{'constituentID': 127868, 'role': 'Artist', 'name': 'German Painter', 'constituentULAN_URL': '', 'constituentWikidata_URL': '', 'gender': ''}]",Artist,,German Painter,ca. 1790–1800,,German Painter,German,,,,,,,1790,1800,Ivory,"Octagonal, 1 1/8 x 3/4 in. (29 x 19 mm)","[{'elementName': 'Overall', 'elementDescription': None, 'elementMeasurements': {'Height': 2.9, 'Width': 1.9}}]",European Paintings,Miniatures,"Bequest of Collis P. Huntington, 1900",,,,,,,,,,,,,,https://www.metmuseum.org/art/collection/search/436465,https://www.wikidata.org/wiki/Q19913790,2024-10-04T04:54:16Z,"Metropolitan Museum of Art, New York, NY","['Boys', 'Girls', 'Men', 'Portraits', 'Women']",False,,True
436466,436466,False,26.168.69,1926,True,https://images.metmuseum.org/CRDImages/ep/original/257481.jpg,https://images.metmuseum.org/CRDImages/ep/web-large/257481.jpg,[],"Painting, miniature",Portrait of a Child,,,,,,"[{'constituentID': 127868, 'role': 'Artist', 'name': 'German Painter', 'constituentULAN_URL': '', 'constituentWikidata_URL': '', 'gender': ''}]",Artist,,German Painter,ca. 1790–1800,,German Painter,German,,,,,,,1790,1800,Ivory,"Octagonal, 1 1/8 x 3/4 in. (29 x 19 mm)","[{'elementName': 'Overall', 'elementDescription': None, 'elementMeasurements': {'Height': 2.9, 'Width': 1.9}}]",European Paintings,Miniatures,"Bequest of Collis P. Huntington, 1900",,,,,,,,,,,,,,https://www.metmuseum.org/art/collection/search/436466,https://www.wikidata.org/wiki/Q19913793,2024-10-04T04:54:16Z,"Metropolitan Museum of Art, New York, NY","['Children', 'Portraits']",False,,True
436467,436467,False,26.168.70,1926,True,https://images.metmuseum.org/CRDImages/ep/original/257481.jpg,https://images.metmuseum.org/CRDImages/ep/web-large/257481.jpg,[],"Painting, miniature",Portrait of a Child,,,,,,"[{'constituentID': 127868, 'role': 'Artist', 'name': 'German Painter', 'constituentULAN_URL': '', 'constituentWikidata_URL': '', 'gender': ''}]",Artist,,German Painter,ca. 1790–1800,,German Painter,German,,,,,,,1790,1800,Ivory,"Octagonal, 1 1/8 x 3/4 in. (29 x 19 mm)","[{'elementName': 'Overall', 'elementDescription': None, 'elementMeasurements': {'Height': 2.9, 'Width': 1.9}}]",European Paintings,Miniatures,"Bequest of Collis P. Huntington, 1900",,,,,,,,,,,,,,https://www.metmuseum.org/art/collection/search/436467,https://www.wikidata.org/wiki/Q19913796,2024-10-04T04:54:16Z,"Metropolitan Museum of Art, New York, NY","['Children', 'Portraits']",False,,True
436469,436469,False,62.122.129,1962,True,https://images.metmuseum.org/CRDImages/ep/original/175456.jpg,https://images.metmuseum.org/CRDImages/ep/web-large/175456.jpg,[],"Painting, miniature",Portrait of a Woman,,,,,,"[{'constituentID': 127868, 'role': 'Artist', 'name': 'German Painter', 'constituentULAN_URL': '', 'constituentWikidata_URL': '', 'gender': ''}]",Artist,,German Painter,ca. 1810,,German Painter,German,,,,,,,1805,1815,Ivory,"Oval, 2 1/4 x 1 7/8 in. (59 x 49 mm)","[{'elementName': 'Overall', 'elementDescription': None, 'elementMeasurements': {'Height': 5.7, 'Width': 4.8}}]",European Paintings,Miniatures,"Bequest of Millie Bruhl Fredrick, 1962",,,,,,,,,,,,,,https://www.metmuseum.org/art/collection/search/436469,https://www.wikidata.org/wiki/Q19914085,2024-10-03T04:53:53.567Z,"Metropolitan Museum of Art, New York, NY","['Portraits', 'Women']",False,,True
436470,436470,False,62.122.118,1962,True,https://images.metmuseum.org/CRDImages/ep/original/175445.jpg,https://images.metmuseum.org/CRDImages/ep/web-large/175445.jpg,[],"Painting, miniature",Portrait of a Man,,,,,,"[{'constituentID': 127868, 'role': 'Artist', 'name': 'German Painter', 'constituentULAN_URL': '', 'constituentWikidata_URL': '', 'gender': ''}]",Artist,,German Painter,ca. 1810,,German Painter,German,,,,,,,1805,1815,Ivory,"Oval, 2 1/4 x 1 7/8 in. (59 x 49 mm)","[{'elementName': 'Overall', 'elementDescription': None, 'elementMeasurements': {'Height': 5.7, 'Width': 4.8}}]",European Paintings,Miniatures,"Bequest of Millie Bruhl Fredrick, 1962",,,,,,,,,,,,,,https://www.metmuseum.org/art/collection/search/436470,https://www.wikidata.org/wiki/Q19914087,2024-10-03T04:53:53.567Z,"Metropolitan Museum of Art, New York, NY","['Men', 'Portraits']",False,,True
436471,436471,False,15.43.307,1915,True,https://images.metmuseum.org/CRDImages/ep/original/259953.jpg,https://images.metmuseum.org/CRDImages/ep/web-large/259953.jpg,[],"Painting, miniature","Portrait of a Man, Said to Be Alexander von Humboldt (1769–1859)",,,,,,"[{'constituentID': 127868, 'role': 'Artist', 'name': 'German Painter', 'constituentULAN_URL': '', 'constituentWikidata_URL': '', 'gender': ''}]",Artist,,German Painter,ca. 1815,,German Painter,German,,,,,,,1810,1820,Ivory,"Oval, 2 1/2 x 2 in. (64 x 52 mm)","[{'elementName': 'Overall', 'elementDescription': None, 'elementMeasurements': {'Height': 6.3, 'Width': 5.1}}]",European Paintings,Miniatures,"Bequest of Mary Anna Palmer Draper, 1914",,,,,,,,,,,,,,https://www.metmuseum.org/art/collection/search/436471,https://www.wikidata.org/wiki/Q19914088,2024-10-03T04:53:53.567Z,"Metropolitan Museum of Art, New York, NY","['Men', 'Portraits']",False,,True
436472,436472,False,32.100.99,1932,True,https://images.metmuseum.org/CRDImages/ep/original/DP164822.jpg,https://images.metmuseum.org/CRDImages/ep/web-large/DP164822.jpg,[],Painting,Portrait of a Man in Profile,,,,,,"[{'constituentID': 126929, 'role': 'Artist', 'name': '? Italian Painter', 'constituentULAN_URL': '', 'constituentWikidata_URL': '', 'gender': ''}]",Artist,?,Italian Painter,ca. 1525,,Italian Painter,Italian,,,,,,,1520,1530,Oil on wood,13 1/4 x 10 1/2 in. (33.7 x 26.7 cm),"[{'elementName': 'Overall', 'elementDescription': None, 'elementMeasurements': {'Height': 33.7, 'Width': 26.7}}]",European Paintings,Paintings,"The Friedsam Collection, Bequest of Michael Friedsam, 1931",,,,,,,,,,,,,,https://www.metmuseum.org/art/collection/search/436472,https://www.wikidata.org/wiki/Q19913061,2025-01-30T04:54:21.21Z,"Metropolitan Museum of Art, New York, NY","['Men', 'Portraits', 'Profiles']",False,,True
436476,436476,False,32.100.38,1932,True,https://images.metmuseum.org/CRDImages/ep/original/DP164814.jpg,https://images.metmuseum.org/CRDImages/ep/web-large/DP164814.jpg,[],"Painting, part of an altarpiece",The Annunciation,,,,,,"[{'constituentID': 173800, 'role': 'Artist', 'name': 'South Netherlandish Painter', 'constituentULAN_URL': 'http://vocab.getty.edu/page/ulan/500204286', 'constituentWikidata_URL': '', 'gender': ''}]",Artist,,South Netherlandish Painter,ca. 1460,,South Netherlandish Painter,Netherlandish,,,,,http://vocab.getty.edu/page/ulan/500204286,,1455,1465,"Oil on wood, gold ground",39 x 37 in. (99.1 x 94 cm),"[{'elementName': 'Overall', 'elementDescription': None, 'elementMeasurements': {'Height': 99.1, 'Width': 94}}]",European Paintings,Paintings,"The Friedsam Collection, Bequest of Michael Friedsam, 1931",,,,,,,,,,,,,,https://www.metmuseum.org/art/collection/search/436476,https://www.wikidata.org/wiki/Q19912347,2025-06-19T04:50:33.487Z,"Metropolitan Museum of Art, New York, NY","['Virgin Mary', 'Archangel Gabriel', 'Annunciation', 'Beds']",False,,True
436477,436477,False,32.100.39,1932,True,https://images.metmuseum.org/CRDImages/ep/original/DP164815.jpg,https://images.metmuseum.org/CRDImages/ep/web-large/DP164815.jpg,[],"Painting, part of an altarpiece",The Nativity,,,,,,"[{'constituentID': 173800, 'role': 'Artist', 'name': 'South Netherlandish Painter', 'constituentULAN_URL': 'http://vocab.getty.edu/page/ulan/500204286', 'constituentWikidata_URL': '', 'gender': ''}]",Artist,,South Netherlandish Painter,ca. 1460,,South Netherlandish Painter,Netherlandish,,,,,http://vocab.getty.edu/page/ulan/500204286,,1455,1465,"Oil on wood, gold ground",37 x 36 1/4 in. (94 x 92.1 cm),"[{'elementName': 'Overall', 'elementDescription': None, 'elementMeasurements': {'Height': 94, 'Width': 92.1}}]",European Paintings,Paintings,"The Friedsam Collection, Bequest of Michael Friedsam, 1931",,,,,,,,,,,,,,https://www.metmuseum.org/art/collection/search/436477,https://www.wikidata.org/wiki/Q19912348,2025-06-19T04:50:33.487Z,"Metropolitan Museum of Art, New York, NY","['Men', 'Women', 'Virgin Mary', 'Jesus', 'Nativity', 'Joseph']",False,,True
436480,436480,False,23.255,1923,True,https://images.metmuseum.org/CRDImages/ep/original/DP164803.jpg,https://images.metmuseum.org/CRDImages/ep/web-large/DP164803.jpg,['https://images.metmuseum.org/CRDImages/ep/original/GermanCat58_IRR.jpg'],Painting,Portrait of a Man,,,,,,"[{'constituentID': 130019, 'role': 'Artist', 'name': 'German (Nuremberg) Painter', 'constituentULAN_URL': '', 'constituentWikidata_URL': '', 'gender': ''}]",Artist,,German (Nuremberg) Painter,late 15th century,,German (Nuremberg) Painter,German,,,,,,1491,1491,1491,Oil on linden,18 3/4 x 13 in. (47.6 x 33 cm),"[{'elementName': 'Overall', 'elementDescription': None, 'elementMeasurements': {'Height': 47.6, 'Width': 33}}]",European Paintings,Paintings,"Fletcher Fund, 1923",,,,,,,,,,,,,,https://www.metmuseum.org/art/collection/search/436480,https://www.wikidata.org/wiki/Q19911443,2025-06-27T04:50:31.807Z,"Metropolitan Museum of Art, New York, NY","['Men', 'Portraits']",False,,True
436481,436481,False,05.13.4,1905,True,https://images.metmuseum.org/CRDImages/ep/original/DP-39097-001.jpg,https://images.metmuseum.org/CRDImages/ep/web-large/DP-39097-001.jpg,[],Painting,"Cafe House, Cairo (Casting Bullets)",,,,,,"[{'constituentID': 161927, 'role': 'Artist', 'name': 'Jean-Léon Gérôme', 'constituentULAN_URL': 'http://vocab.getty.edu/page/ulan/500115563', 'constituentWikidata_URL': 'https://www.wikidata.org/wiki/Q212499', 'gender': ''}]",Artist,,Jean-Léon Gérôme,"French, Vesoul 1824–1904 Paris",,"Gérôme, Jean-Léon",French,1824.0,1904.0,,https://www.wikidata.org/wiki/Q212499,http://vocab.getty.edu/page/ulan/500115563,1884 or earlier,1870,1884,Oil on canvas,21 1/2 x 24 3/4 in. (54.6 x 62.9 cm),"[{'elementName': 'Glazing', 'elementDescription': None, 'elementMeasurements': {'Height': 55.88011, 'Width': 65.72263}}, {'elementName': 'Framed', 'elementDescription': 'Original plain frame', 'elementMeasurements': {'Depth': 3.8100076, 'Height': 71.437645, 'Width': 80.01016}}, {'elementName': 'Overall', 'elementDescription': None, 'elementMeasurements': {'Height': 54.6, 'Width': 62.9}}]",European Paintings,Paintings,"Bequest of Henry H. Cook, 1905",,,,,,,,,,,,,,https://www.metmuseum.org/art/collection/search/436481,https://www.wikidata.org/wiki/Q19912506,2025-05-22T04:50:13.743Z,"Metropolitan Museum of Art, New York, NY","['Musical Instruments', 'Soldiers', 'Men', 'Women', 'Orientalist']",True,,True
436482,436482,False,87.15.130,1887,True,https://images.metmuseum.org/CRDImages/ep/original/DT1971.jpg,https://images.metmuseum.org/CRDImages/ep/web-large/DT1971.jpg,[],Painting,Prayer in the Mosque,,,,,,"[{'constituentID': 161927, 'role': 'Artist', 'name': 'Jean-Léon Gérôme', 'constituentULAN_URL': 'http://vocab.getty.edu/page/ulan/500115563', 'constituentWikidata_URL': 'https://www.wikidata.org/wiki/Q212499', 'gender': ''}]",Artist,,Jean-Léon Gérôme,"French, Vesoul 1824–1904 Paris",,"Gérôme, Jean-Léon",French,1824.0,1904.0,,https://www.wikidata.org/wiki/Q212499,http://vocab.getty.edu/page/ulan/500115563,by 1874,1870,1874,Oil on canvas,35 x 29 1/2 in. (88.9 x 74.9 cm),"[{'elementName': 'Glazing', 'elementDescription': None, 'elementMeasurements': {'Height': 91.75768, 'Width': 78.105156}}, {'elementName': 'Overall', 'elementDescription': None, 'elementMeasurements': {'Height': 88.9, 'Width': 74.9}}, {'elementName': 'Framed', 'elementDescription': None, 'elementMeasurements': {'Depth': 13.97, 'Height': 130.8103, 'Width': 118.1102}}]",European Paintings,Paintings,"Catharine Lorillard Wolfe Collection, Bequest of Catharine Lorillard Wolfe, 1887",,,,,,,,,,,,,,https://www.metmuseum.org/art/collection/search/436482,https://www.wikidata.org/wiki/Q19905195,2025-09-24T04:50:58.447Z,"Metropolitan Museum of Art, New York, NY","['Arches', 'Columns', 'Interiors', 'Mosques', 'Men', 'Orientalist']",True,804.0,True
436483,436483,False,27.200,1927,True,https://images.metmuseum.org/CRDImages/ep/original/DP-14201-005.jpg,https://images.metmuseum.org/CRDImages/ep/web-large/DP-14201-005.jpg,[],Painting,Pygmalion and Galatea,,,,,,"[{'constituentID': 161927, 'role': 'Artist', 'name': 'Jean-Léon Gérôme', 'constituentULAN_URL': 'http://vocab.getty.edu/page/ulan/500115563', 'constituentWikidata_URL': 'https://www.wikidata.org/wiki/Q212499', 'gender': ''}]",Artist,,Jean-Léon Gérôme,"French, Vesoul 1824–1904 Paris",,"Gérôme, Jean-Léon",French,1824.0,1904.0,,https://www.wikidata.org/wiki/Q212499,http://vocab.getty.edu/page/ulan/500115563,ca. 1890,1885,1895,Oil on canvas,35 x 27 in. (88.9 x 68.6 cm),"[{'elementName': 'Overall', 'elementDescription': None, 'elementMeasurements': {'Height': 88.9, 'Width': 68.6}}, {'elementName': 'Framed', 'elementDescription': None, 'elementMeasurements': {'Depth': 7.62, 'Height': 96.5202, 'Width': 79.3752}}, {'elementName': 'Glazing', 'elementDescription': None, 'elementMeasurements': {'Height': 88.90018, 'Width': 69.85014}}]",European Paintings,Paintings,"Gift of Louis C. Raegner, 1927",,,,,,,,,,,,,,https://www.metmuseum.org/art/collection/search/436483,https://www.wikidata.org/wiki/Q17305070,2025-09-24T04:50:58.447Z,"Metropolitan Museum of Art, New York, NY","['Men', 'Female Nudes', 'Cupid', 'Galatea', 'Pygmalion', 'Artists']",False,800.0,True
436484,436484,False,36.162.4,1936,True,https://images.metmuseum.org/CRDImages/ep/original/DT1972.jpg,https://images.metmuseum.org/CRDImages/ep/web-large/DT1972.jpg,[],Painting,Tiger and Cubs,,,,,,"[{'constituentID': 161927, 'role': 'Artist', 'name': 'Jean-Léon Gérôme', 'constituentULAN_URL': 'http://vocab.getty.edu/page/ulan/500115563', 'constituentWikidata_URL': 'https://www.wikidata.org/wiki/Q212499', 'gender': ''}]",Artist,,Jean-Léon Gérôme,"French, Vesoul 1824–1904 Paris",,"Gérôme, Jean-Léon",French,1824.0,1904.0,,https://www.wikidata.org/wiki/Q212499,http://vocab.getty.edu/page/ulan/500115563,ca. 1884,1879,1889,Oil on canvas,29 x 36 in. (73.7 x 91.4 cm),"[{'elementName': 'Overall', 'elementDescription': None, 'elementMeasurements': {'Height': 73.7, 'Width': 91.4}}, {'elementName': 'Framed', 'elementDescription': None, 'elementMeasurements': {'Depth': 9.525, 'Height': 97.7902, 'Width': 115.5702}}]",European Paintings,Paintings,"Bequest of Susan P. Colgate, in memory of her husband, Romulus R. Colgate, 1936",,,,,,,,,,,,,,https://www.metmuseum.org/art/collection/search/436484,https://www.wikidata.org/wiki/Q19912087,2025-04-30T04:49:03.02Z,"Metropolitan Museum of Art, New York, NY",['Tigers'],False,,True
436485,436485,False,1974.1,1974,True,https://images.metmuseum.org/CRDImages/ep/original/DP143209.jpg,https://images.metmuseum.org/CRDImages/ep/web-large/DP143209.jpg,[],Painting,Vanitas Still Life,,,,,,"[{'constituentID': 161928, 'role': 'Artist', 'name': 'Jacques de Gheyn II', 'constituentULAN_URL': 'http://vocab.getty.edu/page/ulan/500115191', 'constituentWikidata_URL': 'https://www.wikidata.org/wiki/Q1347434', 'gender': ''}]",Artist,,Jacques de Gheyn II,"Netherlandish, Antwerp 1565–1629 The Hague",,"Gheyn, Jacques de, II",Netherlandish,1565.0,1629.0,,https://www.wikidata.org/wiki/Q1347434,http://vocab.getty.edu/page/ulan/500115191,1603,1603,1603,Oil on wood,32 1/2 x 21 1/4 in. (82.6 x 54 cm),"[{'elementName': 'Overall', 'elementDescription': None, 'elementMeasurements': {'Height': 82.6, 'Width': 54}}]",European Paintings,Paintings,"Charles B. Curtis, Marquand, Victor Wilbour Memorial, and The Alfred N. Punnett Endowment Funds, 1974",,,,,,,,,,,,,,https://www.metmuseum.org/art/collection/search/436485,https://www.wikidata.org/wiki/Q19911453,2025-09-27T04:50:39.59Z,"Metropolitan Museum of Art, New York, NY","['Skulls', 'Flowers', 'Still Life', 'Money', 'Vases']",True,617.0,True
436486,436486,False,13.119.2,1913,True,https://images.metmuseum.org/CRDImages/ep/original/DT249329.jpg,https://images.metmuseum.org/CRDImages/ep/web-large/DT249329.jpg,[],"Painting, predella panel",The Burial of Saint Zenobius,,,,,,"[{'constituentID': 164536, 'role': 'Artist', 'name': 'Davide Ghirlandaio (David Bigordi)', 'constituentULAN_URL': 'http://vocab.getty.edu/page/ulan/500021575', 'constituentWikidata_URL': 'https://www.wikidata.org/wiki/Q1145811', 'gender': ''}]",Artist,,Davide Ghirlandaio (David Bigordi),"Italian, Florence 1452–1525 Florence",,"Ghirlandaio, Davide (David Bigordi)",Italian,1452.0,1525.0,,https://www.wikidata.org/wiki/Q1145811,http://vocab.getty.edu/page/ulan/500021575,ca. 1479,1474,1484,Tempera and gold on wood,6 1/4 x 16 1/4 in. (15.9 x 41.3 cm),"[{'elementName': 'Overall', 'elementDescription': None, 'elementMeasurements': {'Height': 15.9, 'Width': 41.3}}]",European Paintings,Paintings,"Francis L. Leland Fund, 1913",,,,,,,,,,,,,,https://www.metmuseum.org/art/collection/search/436486,https://www.wikidata.org/wiki/Q19911982,2025-05-22T04:50:13.743Z,"Metropolitan Museum of Art, New York, NY","['Men', 'Women', 'Saints', 'Funerals']",False,,True
436487,436487,False,13.119.1,1913,True,https://images.metmuseum.org/CRDImages/ep/original/DT249328.jpg,https://images.metmuseum.org/CRDImages/ep/web-large/DT249328.jpg,[],"Painting, predella panel",The Marriage of the Virgin,,,,,,"[{'constituentID': 164536, 'role': 'Artist', 'name': 'Davide Ghirlandaio (David Bigordi)', 'constituentULAN_URL': 'http://vocab.getty.edu/page/ulan/500021575', 'constituentWikidata_URL': 'https://www.wikidata.org/wiki/Q1145811', 'gender': ''}]",Artist,,Davide Ghirlandaio (David Bigordi),"Italian, Florence 1452–1525 Florence",,"Ghirlandaio, Davide (David Bigordi)",Italian,1452.0,1525.0,,https://www.wikidata.org/wiki/Q1145811,http://vocab.getty.edu/page/ulan/500021575,ca. 1479,1474,1484,Tempera and gold on wood,6 1/4 x 16 1/4 in. (15.9 x 41.3 cm),"[{'elementName': 'Overall', 'elementDescription': None, 'elementMeasurements': {'Height': 15.9, 'Width': 41.3}}]",European Paintings,Paintings,"Francis L. Leland Fund, 1913",,,,,,,,,,,,,,https://www.metmuseum.org/art/collection/search/436487,https://www.wikidata.org/wiki/Q19905196,2025-05-22T04:50:13.743Z,"Metropolitan Museum of Art, New York, NY","['Men', 'Women', 'Virgin Mary']",False,,True
436488,436488,False,13.119.3,1913,True,https://images.metmuseum.org/CRDImages/ep/original/DT210659.jpg,https://images.metmuseum.org/CRDImages/ep/web-large/DT210659.jpg,[],"Painting, predella panel",Tobias and the Angel,,,,,,"[{'constituentID': 164536, 'role': 'Artist', 'name': 'Davide Ghirlandaio (David Bigordi)', 'constituentULAN_URL': 'http://vocab.getty.edu/page/ulan/500021575', 'constituentWikidata_URL': 'https://www.wikidata.org/wiki/Q1145811', 'gender': ''}]",Artist,,Davide Ghirlandaio (David Bigordi),"Italian, Florence 1452–1525 Florence",,"Ghirlandaio, Davide (David Bigordi)",Italian,1452.0,1525.0,,https://www.wikidata.org/wiki/Q1145811,http://vocab.getty.edu/page/ulan/500021575,ca. 1479,1474,1484,Tempera and gold on wood,6 1/4 x 16 1/4 in. (15.9 x 41.3 cm),"[{'elementName': 'Overall', 'elementDescription': None, 'elementMeasurements': {'Height': 15.9, 'Width': 41.3}}]",European Paintings,Paintings,"Francis L. Leland Fund, 1913",,,,,,,,,,,,,,https://www.metmuseum.org/art/collection/search/436488,https://www.wikidata.org/wiki/Q19912090,2025-05-22T04:50:13.743Z,"Metropolitan Museum of Art, New York, NY","['Men', 'Dogs', 'Fish', 'Angels']",False,,True
436489,436489,False,49.7.7,1949,True,https://images.metmuseum.org/CRDImages/ep/original/DT1369.jpg,https://images.metmuseum.org/CRDImages/ep/web-large/DT1369.jpg,[],Painting,Francesco Sassetti (1421–1490) and His Son Teodoro,,,,,,"[{'constituentID': 161929, 'role': 'Artist', 'name': 'Domenico Ghirlandaio (Domenico Bigordi)', 'constituentULAN_URL': 'http://vocab.getty.edu/page/ulan/500115228', 'constituentWikidata_URL': 'https://www.wikidata.org/wiki/Q191423', 'gender': ''}]",Artist,,Domenico Ghirlandaio (Domenico Bigordi),"Italian, Florence 1448/49–1494 Florence",,"Ghirlandaio, Domenico (Domenico Bigordi)",Italian,1448.0,1494.0,,https://www.wikidata.org/wiki/Q191423,http://vocab.getty.edu/page/ulan/500115228,ca. 1488,1483,1493,Tempera on wood,Overall 33 1/4 x 25 1/8 in. (84.5 x 63.8 cm); painted surface 29 7/8 x 20 7/8 in. (75.9 x 53 cm),"[{'elementName': 'Overall', 'elementDescription': None, 'elementMeasurements': {'Height': 84.5, 'Width': 63.8}}, {'elementName': 'Framed', 'elementDescription': None, 'elementMeasurements': {'Depth': 18.415, 'Height': 129.8578, 'Width': 100.3302}}]",European Paintings,Paintings,"The Jules Bache Collection, 1949",,,,,,,,,,,,,,https://www.metmuseum.org/art/collection/search/436489,https://www.wikidata.org/wiki/Q15089686,2025-10-22T04:50:15.297Z,"Metropolitan Museum of Art, New York, NY","['Boys', 'Men', 'Portraits']",True,602.0,True
436490,436490,False,32.100.67,1932,True,https://images.metmuseum.org/CRDImages/ep/original/DP161257.jpg,https://images.metmuseum.org/CRDImages/ep/web-large/DP161257.jpg,[],Painting,Portrait of a Man,,,,,,"[{'constituentID': 161929, 'role': 'Artist', 'name': 'Domenico Ghirlandaio (Domenico Bigordi)', 'constituentULAN_URL': 'http://vocab.getty.edu/page/ulan/500115228', 'constituentWikidata_URL': 'https://www.wikidata.org/wiki/Q191423', 'gender': ''}]",Artist,,Domenico Ghirlandaio (Domenico Bigordi),"Italian, Florence 1448/49–1494 Florence",,"Ghirlandaio, Domenico (Domenico Bigordi)",Italian,1448.0,1494.0,,https://www.wikidata.org/wiki/Q191423,http://vocab.getty.edu/page/ulan/500115228,,1469,1494,Tempera on wood,21 1/2 x 17 1/2 in. (54.6 x 44.5 cm),"[{'elementName': 'Overall', 'elementDescription': None, 'elementMeasurements': {'Height': 54.6, 'Width': 44.5}}]",European Paintings,Paintings,"The Friedsam Collection, Bequest of Michael Friedsam, 1931",,,,,,,,,,,,,,https://www.metmuseum.org/art/collection/search/436490,https://www.wikidata.org/wiki/Q19376279,2025-01-30T04:54:21.21Z,"Metropolitan Museum of Art, New York, NY","['Men', 'Portraits']",False,,True
436491,436491,False,32.100.71,1932,True,https://images.metmuseum.org/CRDImages/ep/original/DP-17015-001.jpg,https://images.metmuseum.org/CRDImages/ep/web-large/DP-17015-001.jpg,[],Painting,Selvaggia Sassetti (born 1470),,,,,,"[{'constituentID': 164536, 'role': 'Artist', 'name': 'Davide Ghirlandaio (David Bigordi)', 'constituentULAN_URL': 'http://vocab.getty.edu/page/ulan/500021575', 'constituentWikidata_URL': 'https://www.wikidata.org/wiki/Q1145811', 'gender': ''}]",Artist,,Davide Ghirlandaio (David Bigordi),"Italian, Florence 1452–1525 Florence",,"Ghirlandaio, Davide (David Bigordi)",Italian,1452.0,1525.0,,https://www.wikidata.org/wiki/Q1145811,http://vocab.getty.edu/page/ulan/500021575,ca. 1487–88,1487,1488,Tempera on wood,22 1/2 x 17 3/8 in. (57.2 x 44.1 cm),"[{'elementName': 'Overall', 'elementDescription': None, 'elementMeasurements': {'Height': 57.2, 'Width': 44.1}}, {'elementName': 'Framed', 'elementDescription': None, 'elementMeasurements': {'Depth': 6.6675, 'Height': 72.0726, 'Width': 59.6901}}]",European Paintings,Paintings,"The Friedsam Collection, Bequest of Michael Friedsam, 1931",,,,,,,,,,,,,,https://www.metmuseum.org/art/collection/search/436491,https://www.wikidata.org/wiki/Q19905424,2025-10-22T04:50:15.297Z,"Metropolitan Museum of Art, New York, NY","['Portraits', 'Women']",False,602.0,True
436492,436492,False,80.3.674,1880,True,https://images.metmuseum.org/CRDImages/ep/original/EP371.jpg,https://images.metmuseum.org/CRDImages/ep/web-large/EP371.jpg,['https://images.metmuseum.org/CRDImages/ep/original/Ghirlandaio giornate.jpg'],Painting,Saint Christopher and the Infant Christ,,,,,,"[{'constituentID': 161929, 'role': 'Artist', 'name': 'Domenico Ghirlandaio (Domenico Bigordi)', 'constituentULAN_URL': 'http://vocab.getty.edu/page/ulan/500115228', 'constituentWikidata_URL': 'https://www.wikidata.org/wiki/Q191423', 'gender': ''}]",Artist,,Domenico Ghirlandaio (Domenico Bigordi),"Italian, Florence 1448/49–1494 Florence",,"Ghirlandaio, Domenico (Domenico Bigordi)",Italian,1448.0,1494.0,,https://www.wikidata.org/wiki/Q191423,http://vocab.getty.edu/page/ulan/500115228,,1469,1494,Fresco,112 x 59 in. (284.5 x 149.9 cm),"[{'elementName': 'Other', 'elementDescription': None, 'elementMeasurements': {'Weight': 181.43881}}, {'elementName': 'Overall', 'elementDescription': None, 'elementMeasurements': {'Height': 284.5, 'Width': 149.9}}]",European Paintings,Paintings,"Gift of Cornelius Vanderbilt, 1880",,,,,,,,,,,,,,https://www.metmuseum.org/art/collection/search/436492,https://www.wikidata.org/wiki/Q3946909,2024-10-29T04:53:29.753Z,"Metropolitan Museum of Art, New York, NY","['Rivers', 'Saint Christopher', 'Jesus']",True,961.0,True
436493,436493,False,14.40.635,1914,True,https://images.metmuseum.org/CRDImages/ep/original/ep14.40.635.bw.R.jpg,https://images.metmuseum.org/CRDImages/ep/web-large/ep14.40.635.bw.R.jpg,[],Painting,Madonna and Child with Angels,,,,,,"[{'constituentID': 161929, 'role': 'Artist', 'name': 'Workshop of Domenico Ghirlandaio', 'constituentULAN_URL': 'http://vocab.getty.edu/page/ulan/500115228', 'constituentWikidata_URL': 'https://www.wikidata.org/wiki/Q191423', 'gender': ''}]",Artist,Workshop of,Domenico Ghirlandaio,"Italian, Florence 1448/49–1494 Florence",,"Ghirlandaio, Domenico",Italian,1448.0,1494.0,,https://www.wikidata.org/wiki/Q191423,http://vocab.getty.edu/page/ulan/500115228,,1469,1494,"Tempera on canvas, transferred from wood",Diameter 38 3/4 in. (98.4 cm),"[{'elementName': 'Overall', 'elementDescription': None, 'elementMeasurements': {'Height': 98.4, 'Width': 98.4}}]",European Paintings,Paintings,"Bequest of Benjamin Altman, 1913",,,,,,,,,,,,,,https://www.metmuseum.org/art/collection/search/436493,https://www.wikidata.org/wiki/Q19913062,2025-01-30T04:54:21.21Z,"Metropolitan Museum of Art, New York, NY","['Angels', 'Madonna and Child']",False,,True
436494,436494,False,32.100.80,1932,True,https://images.metmuseum.org/CRDImages/ep/original/DP-24223-007.jpg,https://images.metmuseum.org/CRDImages/ep/web-large/DP-24223-007.jpg,[],"Painting, triptych",The Nativity with Saints,,,,,,"[{'constituentID': 107698, 'role': 'Artist', 'name': 'Ridolfo Ghirlandaio', 'constituentULAN_URL': 'http://vocab.getty.edu/page/ulan/500002132', 'constituentWikidata_URL': 'https://www.wikidata.org/wiki/Q64881', 'gender': ''}]",Artist,,Ridolfo Ghirlandaio,"Italian, Florence 1483–1561 Florence",,"Ghirlandaio, Ridolfo",Italian,1483.0,1561.0,,https://www.wikidata.org/wiki/Q64881,http://vocab.getty.edu/page/ulan/500002132,,1503,1561,Oil on wood,Central panel 14 x 9 in. (35.6 x 22.9 cm); each wing 14 x 4 in. (35.6 x 10.2 cm),"[{'elementName': 'Overall', 'elementDescription': None, 'elementMeasurements': {'Height': 35.6, 'Width': 22.9}}, {'elementName': 'Framed', 'elementDescription': None, 'elementMeasurements': {'Depth': 6.985, 'Height': 55.8801, 'Width': 66.6751}}]",European Paintings,Paintings,"The Friedsam Collection, Bequest of Michael Friedsam, 1931",,,,,,,,,,,,,,https://www.metmuseum.org/art/collection/search/436494,https://www.wikidata.org/wiki/Q19912339,2025-01-30T04:54:21.21Z,"Metropolitan Museum of Art, New York, NY","['Men', 'Angels', 'Madonna and Child', 'Saint John the Evangelist', 'Saint Paul', 'Saint Peter', 'Nativity', 'Saints']",False,609.0,True
436495,436495,False,69.280.1,1969,True,https://images.metmuseum.org/CRDImages/ep/original/DP375694.jpg,https://images.metmuseum.org/CRDImages/ep/web-large/DP375694.jpg,[],Painting,Saint John the Evangelist Raises Satheus to Life,,,,,,"[{'constituentID': 107699, 'role': 'Artist', 'name': 'Francescuccio Ghissi (Francesco di Cecco Ghissi)', 'constituentULAN_URL': 'http://vocab.getty.edu/page/ulan/500028548', 'constituentWikidata_URL': 'https://www.wikidata.org/wiki/Q3081147', 'gender': ''}]",Artist,,Francescuccio Ghissi (Francesco di Cecco Ghissi),"Italian, Marchigian, active 1359–74",,"Ghissi, Francescuccio (Francesco di Cecco Ghissi)",Italian,1359.0,1374.0,,https://www.wikidata.org/wiki/Q3081147,http://vocab.getty.edu/page/ulan/500028548,ca. 1370,1365,1374,"Tempera on wood, gold ground",Overall 14 1/8 x 16 1/8 in. (35.9 x 41 cm); painted surface 13 3/4 x 15 1/2 in. (34.9 x 39.4 cm),"[{'elementName': 'Overall', 'elementDescription': None, 'elementMeasurements': {'Height': 35.9, 'Width': 41}}]",European Paintings,Paintings,"Gift of Mrs. W. Murray Crane, 1969",,,,,,,,,,,,,,https://www.metmuseum.org/art/collection/search/436495,https://www.wikidata.org/wiki/Q19911983,2025-01-30T04:54:21.21Z,"Metropolitan Museum of Art, New York, NY","['Men', 'Women', 'Saint John the Evangelist']",False,,True
436496,436496,False,69.280.2,1969,True,https://images.metmuseum.org/CRDImages/ep/original/DP375435.jpg,https://images.metmuseum.org/CRDImages/ep/web-large/DP375435.jpg,[],Painting,Saint John the Evangelist with Acteus and Eugenius,,,,,,"[{'constituentID': 107699, 'role': 'Artist', 'name': 'Francescuccio Ghissi (Francesco di Cecco Ghissi)', 'constituentULAN_URL': 'http://vocab.getty.edu/page/ulan/500028548', 'constituentWikidata_URL': 'https://www.wikidata.org/wiki/Q3081147', 'gender': ''}]",Artist,,Francescuccio Ghissi (Francesco di Cecco Ghissi),"Italian, Marchigian, active 1359–74",,"Ghissi, Francescuccio (Francesco di Cecco Ghissi)",Italian,1359.0,1374.0,,https://www.wikidata.org/wiki/Q3081147,http://vocab.getty.edu/page/ulan/500028548,ca. 1370,1365,1374,"Tempera on wood, gold ground",14 3/8 x 16 1/4 in. (36.5 x 41.3 cm),"[{'elementName': 'Overall', 'elementDescription': None, 'elementMeasurements': {'Height': 36.5, 'Width': 41.3}}]",European Paintings,Paintings,"Gift of Mrs. W. Murray Crane, 1969",,,,,,,,,,,,,,https://www.metmuseum.org/art/collection/search/436496,https://www.wikidata.org/wiki/Q19911980,2025-01-30T04:54:21.21Z,"Metropolitan Museum of Art, New York, NY","['Men', 'Women', 'Saint John the Evangelist']",False,,True
436497,436497,False,69.280.3,1969,True,https://images.metmuseum.org/CRDImages/ep/original/DP375436.jpg,https://images.metmuseum.org/CRDImages/ep/web-large/DP375436.jpg,[],Painting,Saint John the Evangelist Causes a Pagan Temple to Collapse,,,,,,"[{'constituentID': 107699, 'role': 'Artist', 'name': 'Francescuccio Ghissi (Francesco di Cecco Ghissi)', 'constituentULAN_URL': 'http://vocab.getty.edu/page/ulan/500028548', 'constituentWikidata_URL': 'https://www.wikidata.org/wiki/Q3081147', 'gender': ''}]",Artist,,Francescuccio Ghissi (Francesco di Cecco Ghissi),"Italian, Marchigian, active 1359–74",,"Ghissi, Francescuccio (Francesco di Cecco Ghissi)",Italian,1359.0,1374.0,,https://www.wikidata.org/wiki/Q3081147,http://vocab.getty.edu/page/ulan/500028548,ca. 1370,1365,1374,"Tempera on wood, gold ground",14 1/8 x 15 1/4 in. (35.9 x 38.7 cm),"[{'elementName': 'Overall', 'elementDescription': None, 'elementMeasurements': {'Height': 35.9, 'Width': 38.7}}]",European Paintings,Paintings,"Gift of Mrs. W. Murray Crane, 1969",,,,,,,,,,,,,,https://www.metmuseum.org/art/collection/search/436497,https://www.wikidata.org/wiki/Q19911981,2025-01-30T04:54:21.21Z,"Metropolitan Museum of Art, New York, NY","['Temples', 'Men', 'Saint John the Evangelist']",False,,True
436498,436498,False,06.180,1906,True,https://images.metmuseum.org/CRDImages/ep/original/DP-14108-001.jpg,https://images.metmuseum.org/CRDImages/ep/web-large/DP-14108-001.jpg,['https://images.metmuseum.org/CRDImages/ep/original/DP-14108-002.jpg'],Painting,The Man of Sorrows,,,,,,"[{'constituentID': 161931, 'role': 'Artist', 'name': 'Michele Giambono (Michele Giovanni Bono)', 'constituentULAN_URL': 'http://vocab.getty.edu/page/ulan/500019282', 'constituentWikidata_URL': 'https://www.wikidata.org/wiki/Q1361095', 'gender': ''}]",Artist,,Michele Giambono (Michele Giovanni Bono),"Italian, active Venice 1420–62",,"Giambono, Michele (Michele Giovanni Bono)",Italian,1420.0,1462.0,,https://www.wikidata.org/wiki/Q1361095,http://vocab.getty.edu/page/ulan/500019282,ca. 1430,1425,1435,Tempera and gold on wood,"Overall, with engaged frame, 21 3/4 x 15 3/4 in. (54.9 x 38.7 cm); painted surface 18 1/2 x 12 1/4 in. (47 x 31.1 cm)","[{'elementName': 'Overall', 'elementDescription': 'Overall depth including the curvature. [John McKanna]', 'elementMeasurements': {'Depth': 4.127508, 'Height': 55.24511, 'Width': 40.00508}}]",European Paintings,Paintings,"Rogers Fund, 1906",,,,,,,,,,,,,,https://www.metmuseum.org/art/collection/search/436498,https://www.wikidata.org/wiki/Q19911663,2025-10-16T04:51:23.017Z,"Metropolitan Museum of Art, New York, NY","['Sadness', 'Saint Francis', 'Jesus']",True,2.0,True
436499,436499,False,1989.21,1989,True,https://images.metmuseum.org/CRDImages/ep/original/DP-18296-033.jpg,https://images.metmuseum.org/CRDImages/ep/web-large/DP-18296-033.jpg,"['https://images.metmuseum.org/CRDImages/ep/original/LC-1989_21-2.jpg', 'https://images.metmuseum.org/CRDImages/ep/original/LC-1989_21-3.jpg']",Painting,Diana the Huntress,,,,,,"[{'constituentID': 107701, 'role': 'Artist', 'name': 'Giampietrino (Giovanni Pietro Rizzoli)', 'constituentULAN_URL': 'http://vocab.getty.edu/page/ulan/500020944', 'constituentWikidata_URL': 'https://www.wikidata.org/wiki/Q940454', 'gender': ''}]",Artist,,Giampietrino (Giovanni Pietro Rizzoli),"Italian, Milanese, active by ca. 1495–died 1553",,Giampietrino (Giovanni Pietro Rizzoli),Italian,1495.0,1553.0,,https://www.wikidata.org/wiki/Q940454,http://vocab.getty.edu/page/ulan/500020944,,1526,1549,Oil on wood,44 7/8 x 23 1/4 in. (114 x 59.1 cm),"[{'elementName': 'Overall', 'elementDescription': None, 'elementMeasurements': {'Height': 114, 'Width': 59.1}}]",European Paintings,Paintings,"Purchase, Mr. and Mrs. Frank E. Richardson Gift, 1989",,,,,,,,,,,,,,https://www.metmuseum.org/art/collection/search/436499,https://www.wikidata.org/wiki/Q19912736,2025-06-27T04:50:31.807Z,"Metropolitan Museum of Art, New York, NY","['Bow and Arrow', 'Female Nudes', 'Diana', 'Deer']",True,610.0,True
436500,436500,False,24.80.509,1924,True,https://images.metmuseum.org/CRDImages/ep/original/57101.jpg,https://images.metmuseum.org/CRDImages/ep/web-large/57101.jpg,[],"Painting, miniature","Portrait of a Man, Said to Be John Cecil (1628–1678), Fourth Earl of Exeter",,,,,,"[{'constituentID': 166173, 'role': 'Artist', 'name': 'Attributed to Richard Gibson', 'constituentULAN_URL': 'http://vocab.getty.edu/page/ulan/500027234', 'constituentWikidata_URL': 'https://www.wikidata.org/wiki/Q2779250', 'gender': ''}]",Artist,Attributed to,Richard Gibson,"British, 1605/15?–1690 London",,"Gibson, Richard",British,1605.0,1690.0,,https://www.wikidata.org/wiki/Q2779250,http://vocab.getty.edu/page/ulan/500027234,ca. 1670,1665,1675,Vellum laid on card,"Oval, 2 7/8 x 2 3/8 in. (72 x 59 mm)","[{'elementName': 'Overall', 'elementDescription': None, 'elementMeasurements': {'Height': 7.3, 'Width': 6}}]",European Paintings,Miniatures,"Bequest of Mary Clark Thompson, 1923",,,,,,,,,,,,,,https://www.metmuseum.org/art/collection/search/436500,https://www.wikidata.org/wiki/Q19913820,2024-10-03T04:53:53.567Z,"Metropolitan Museum of Art, New York, NY","['Men', 'Portraits']",False,,True
436501,436501,False,26.168.33,1926,True,https://images.metmuseum.org/CRDImages/ep/original/ep26.168.33.R.jpg,https://images.metmuseum.org/CRDImages/ep/web-large/ep26.168.33.R.jpg,[],"Painting, miniature",Francesca Ghirardi Lechi (1773–1806),,,,,,"[{'constituentID': 108642, 'role': 'Artist', 'name': 'Giovanni Battista Gigola', 'constituentULAN_URL': 'http://vocab.getty.edu/page/ulan/500013912', 'constituentWikidata_URL': 'https://www.wikidata.org/wiki/Q18508242', 'gender': ''}]",Artist,,Giovanni Battista Gigola,"Italian, Brescian, 1767–1841",,"Gigola, Giovanni Battista",Italian,1767.0,1841.0,,https://www.wikidata.org/wiki/Q18508242,http://vocab.getty.edu/page/ulan/500013912,,1789,1841,Ivory,Diameter 2 5/8 in. (66 mm),"[{'elementName': 'Overall', 'elementDescription': None, 'elementMeasurements': {'Height': 6.7, 'Width': 6.7}}]",European Paintings,Miniatures,"Bequest of Collis P. Huntington, 1900",,,,,,,,,,,,,,https://www.metmuseum.org/art/collection/search/436501,https://www.wikidata.org/wiki/Q19913821,2025-01-30T04:54:21.21Z,"Metropolitan Museum of Art, New York, NY","['Portraits', 'Female Nudes']",False,,True
436502,436502,False,1973.311.2,1973,True,https://images.metmuseum.org/CRDImages/ep/original/DP-22842-001.jpg,https://images.metmuseum.org/CRDImages/ep/web-large/DP-22842-001.jpg,"['https://images.metmuseum.org/CRDImages/ep/original/LC-1973_311_2-2.jpg', 'https://images.metmuseum.org/CRDImages/ep/original/LC-1973_311_2-3.jpg']",Painting,The Annunciation,,,,,,"[{'constituentID': 161936, 'role': 'Artist', 'name': 'Luca Giordano', 'constituentULAN_URL': 'http://vocab.getty.edu/page/ulan/500115457', 'constituentWikidata_URL': 'https://www.wikidata.org/wiki/Q332494', 'gender': ''}]",Artist,,Luca Giordano,"Italian, Naples 1634–1705 Naples",,"Giordano, Luca",Italian,1634.0,1705.0,,https://www.wikidata.org/wiki/Q332494,http://vocab.getty.edu/page/ulan/500115457,1672,1672,1672,Oil on canvas,93 1/8 x 66 7/8 in. (236.5 x 169.9 cm),"[{'elementName': 'Other', 'elementDescription': 'Picture + Frame ', 'elementMeasurements': {'Weight': 47.62769}}, {'elementName': 'Overall', 'elementDescription': None, 'elementMeasurements': {'Height': 236.5, 'Width': 169.9}}, {'elementName': 'Framed', 'elementDescription': None, 'elementMeasurements': {'Height': 257.81052, 'Width': 192.7}}]",European Paintings,Paintings,"Gift of Mr. and Mrs. Charles Wrightsman, 1973",,,,,,,,,,,,,,https://www.metmuseum.org/art/collection/search/436502,https://www.wikidata.org/wiki/Q19911552,2025-06-27T04:50:31.807Z,"Metropolitan Museum of Art, New York, NY","['Lilies', 'Angels', 'Virgin Mary', 'Archangel Gabriel', 'Annunciation']",True,,True
436503,436503,False,61.50,1961,True,https://images.metmuseum.org/CRDImages/ep/original/DP-24117-001.jpg,https://images.metmuseum.org/CRDImages/ep/web-large/DP-24117-001.jpg,"['https://images.metmuseum.org/CRDImages/ep/original/LC-61_50-2.jpg', 'https://images.metmuseum.org/CRDImages/ep/original/LC-61_50-3.jpg']",Painting,The Flight into Egypt,,,,,,"[{'constituentID': 161936, 'role': 'Artist', 'name': 'Luca Giordano', 'constituentULAN_URL': 'http://vocab.getty.edu/page/ulan/500115457', 'constituentWikidata_URL': 'https://www.wikidata.org/wiki/Q332494', 'gender': ''}]",Artist,,Luca Giordano,"Italian, Naples 1634–1705 Naples",,"Giordano, Luca",Italian,1634.0,1705.0,,https://www.wikidata.org/wiki/Q332494,http://vocab.getty.edu/page/ulan/500115457,1701,1701,1701,Oil on canvas,24 1/4 x 19 1/4 in. (61.5 x 48.9 cm),"[{'elementName': 'Overall', 'elementDescription': None, 'elementMeasurements': {'Height': 61.6, 'Width': 48.9}}]",European Paintings,Paintings,"Gift of Mr. and Mrs. Harold Morton Landon, 1961",,,,,,,,,,,,,,https://www.metmuseum.org/art/collection/search/436503,https://www.wikidata.org/wiki/Q19911994,2025-06-27T04:50:31.807Z,"Metropolitan Museum of Art, New York, NY","['Angels', 'Christ', 'Holy Family', 'Saint Joseph', 'Virgin Mary', 'Boats']",True,,True
436504,436504,True,11.126.1,1911,True,https://images.metmuseum.org/CRDImages/ep/original/DP-31416-001.jpg,https://images.metmuseum.org/CRDImages/ep/web-large/DP-31416-001.jpg,['https://images.metmuseum.org/CRDImages/ep/original/DP-19501-002.jpg'],Painting,The Adoration of the Magi,,,,,,"[{'constituentID': 107703, 'role': 'Artist', 'name': 'Giotto di Bondone', 'constituentULAN_URL': 'http://vocab.getty.edu/page/ulan/500010766', 'constituentWikidata_URL': 'https://www.wikidata.org/wiki/Q7814', 'gender': ''}]",Artist,,Giotto di Bondone,"Italian, Florentine, 1266/76–1337",,Giotto di Bondone,Italian,1266.0,1337.0,,https://www.wikidata.org/wiki/Q7814,http://vocab.getty.edu/page/ulan/500010766,possibly ca. 1320,1315,1325,"Tempera on wood, gold ground",17 3/4 x 17 1/4 in. (45.1 x 43.8 cm),"[{'elementName': 'Overall', 'elementDescription': None, 'elementMeasurements': {'Height': 45.1, 'Width': 43.8}}, {'elementName': 'Framed', 'elementDescription': None, 'elementMeasurements': {'Depth': 10.16002, 'Height': 60.64262, 'Width': 57.785114}}, {'elementName': 'Glazing', 'elementDescription': None, 'elementMeasurements': {'Height': 47.625095, 'Width': 46.037594}}]",European Paintings,Paintings,"John Stewart Kennedy Fund, 1911",,,,,,,,,,,,,,https://www.metmuseum.org/art/collection/search/436504,https://www.wikidata.org/wiki/Q19911414,2025-03-18T04:54:17.763Z,"Metropolitan Museum of Art, New York, NY","['Animals', 'Angels', 'Jesus', 'Adoration of the Magi']",True,601.0,True
436506,436506,False,07.200,1907,True,https://images.metmuseum.org/CRDImages/ep/original/DP-18296-011.jpg,https://images.metmuseum.org/CRDImages/ep/web-large/DP-18296-011.jpg,[],"Painting, lunette",Madonna and Child with Donors,,,,,,"[{'constituentID': 107705, 'role': 'Artist', 'name': 'Giovanni da Milano', 'constituentULAN_URL': 'http://vocab.getty.edu/page/ulan/500012251', 'constituentWikidata_URL': 'https://www.wikidata.org/wiki/Q2628927', 'gender': ''}]",Artist,,Giovanni da Milano,"Italian, born Lombardy, active Florence 1346–69",,Giovanni da Milano,Italian,1346.0,1369.0,,https://www.wikidata.org/wiki/Q2628927,http://vocab.getty.edu/page/ulan/500012251,ca. 1365,1360,1370,"Tempera on wood, gold ground",27 1/8 x 56 3/4 in. (68.9 x 144.1 cm),"[{'elementName': 'Overall', 'elementDescription': None, 'elementMeasurements': {'Depth': 6.6675, 'Height': 68.8976, 'Width': 144.1453}}]",European Paintings,Paintings,"Rogers Fund, 1907",,,,,,,,,,,,,,https://www.metmuseum.org/art/collection/search/436506,https://www.wikidata.org/wiki/Q19911621,2025-01-30T04:54:21.21Z,"Metropolitan Museum of Art, New York, NY","['Women', 'Lilies', 'Madonna and Child', 'Jesus']",False,601.0,True
436508,436508,False,32.100.76,1932,True,https://images.metmuseum.org/CRDImages/ep/original/LC-32_100_76-1.jpg,https://images.metmuseum.org/CRDImages/ep/web-large/LC-32_100_76-1.jpg,[],"Painting, polyptych",Madonna and Child with Saints,,,,,,"[{'constituentID': 161939, 'role': 'Artist', 'name': 'Giovanni di Paolo (Giovanni di Paolo di Grazia)', 'constituentULAN_URL': 'http://vocab.getty.edu/page/ulan/500116438', 'constituentWikidata_URL': 'https://www.wikidata.org/wiki/Q946420', 'gender': ''}]",Artist,,Giovanni di Paolo (Giovanni di Paolo di Grazia),"Italian, Siena 1398–1482 Siena",,Giovanni di Paolo (Giovanni di Paolo di Grazia),Italian,1398.0,1482.0,,https://www.wikidata.org/wiki/Q946420,http://vocab.getty.edu/page/ulan/500116438,1454,1454,1454,"Tempera on wood, gold ground","Central panel 82 3/4 x 25 7/8 in. (210.2 x 65.7 cm); left panels 70 7/8 x 16 7/8 in. (180 x 42.9 cm), 70 7/8 x 16 3/4 in. (180 x 42.5 cm); right panels 70 7/8 x 16 7/8 in. (180 x 42.9 cm), 70 7/8 x 16 3/4 in. (180 x 42.5 cm)","[{'elementName': 'Overall', 'elementDescription': None, 'elementMeasurements': {'Height': 210.2, 'Width': 65.7}}]",European Paintings,Paintings,"The Friedsam Collection, Bequest of Michael Friedsam, 1931",,,,,,,,,,,,,,https://www.metmuseum.org/art/collection/search/436508,https://www.wikidata.org/wiki/Q20166951,2025-04-09T04:57:24.78Z,"Metropolitan Museum of Art, New York, NY","['Musical Instruments', 'Madonna and Child', 'Saint John the Baptist', 'Saints']",False,601.0,False
436509,436509,False,1982.60.4,1982,True,https://images.metmuseum.org/CRDImages/ep/original/DT2580.jpg,https://images.metmuseum.org/CRDImages/ep/web-large/DT2580.jpg,[],Painting,The Adoration of the Magi,,,,,,"[{'constituentID': 161939, 'role': 'Artist', 'name': 'Giovanni di Paolo (Giovanni di Paolo di Grazia)', 'constituentULAN_URL': 'http://vocab.getty.edu/page/ulan/500116438', 'constituentWikidata_URL': 'https://www.wikidata.org/wiki/Q946420', 'gender': ''}]",Artist,,Giovanni di Paolo (Giovanni di Paolo di Grazia),"Italian, Siena 1398–1482 Siena",,Giovanni di Paolo (Giovanni di Paolo di Grazia),Italian,1398.0,1482.0,,https://www.wikidata.org/wiki/Q946420,http://vocab.getty.edu/page/ulan/500116438,ca. 1460,1455,1465,Tempera and gold on wood,10 5/8 x 9 1/8 in. (27 x 23.2 cm),"[{'elementName': 'Overall', 'elementDescription': None, 'elementMeasurements': {'Height': 27, 'Width': 23.2}}]",European Paintings,Paintings,"The Jack and Belle Linsky Collection, 1982",,,,,,,,,,,,,,https://www.metmuseum.org/art/collection/search/436509,https://www.wikidata.org/wiki/Q19912102,2025-09-25T04:51:07.587Z,"Metropolitan Museum of Art, New York, NY","['Cows', 'Donkeys', 'Horses', 'Christ', 'Saint Joseph', 'Virgin Mary', 'Adoration of the Magi']",True,537.0,False
436510,436510,False,41.190.16,1941,True,https://images.metmuseum.org/CRDImages/ep/original/DT269020.jpg,https://images.metmuseum.org/CRDImages/ep/web-large/DT269020.jpg,['https://images.metmuseum.org/CRDImages/ep/original/SF 41.190.16.jpg'],Painting,Madonna and Child with Two Angels and a Donor,,,,,,"[{'constituentID': 161939, 'role': 'Artist', 'name': 'Giovanni di Paolo (Giovanni di Paolo di Grazia)', 'constituentULAN_URL': 'http://vocab.getty.edu/page/ulan/500116438', 'constituentWikidata_URL': 'https://www.wikidata.org/wiki/Q946420', 'gender': ''}]",Artist,,Giovanni di Paolo (Giovanni di Paolo di Grazia),"Italian, Siena 1398–1482 Siena",,Giovanni di Paolo (Giovanni di Paolo di Grazia),Italian,1398.0,1482.0,,https://www.wikidata.org/wiki/Q946420,http://vocab.getty.edu/page/ulan/500116438,ca. 1445,1440,1450,"Tempera on wood, gold ground (partly checkered with modern red glazes)",Shaped top: overall 57 1/8 x 32 in. (145.1 x 81.3 cm); painted surface 54 1/4 x 32 in. (137.8 x 81.3 cm),"[{'elementName': 'Overall', 'elementDescription': None, 'elementMeasurements': {'Height': 145.1, 'Width': 81.3}}]",European Paintings,Paintings,"Bequest of George Blumenthal, 1941",,,,,,,,,,,,,,https://www.metmuseum.org/art/collection/search/436510,https://www.wikidata.org/wiki/Q19911996,2025-01-30T04:54:21.21Z,"Metropolitan Museum of Art, New York, NY","['Men', 'Angels', 'Madonna and Child', 'Nursing']",True,,False
436511,436511,False,32.100.95,1932,True,https://images.metmuseum.org/CRDImages/ep/original/DP-16597-001.jpg,https://images.metmuseum.org/CRDImages/ep/web-large/DP-16597-001.jpg,[],Painting,The Miraculous Communion of Saint Catherine of Siena,,,,,,"[{'constituentID': 161939, 'role': 'Artist', 'name': 'Giovanni di Paolo (Giovanni di Paolo di Grazia)', 'constituentULAN_URL': 'http://vocab.getty.edu/page/ulan/500116438', 'constituentWikidata_URL': 'https://www.wikidata.org/wiki/Q946420', 'gender': ''}]",Artist,,Giovanni di Paolo (Giovanni di Paolo di Grazia),"Italian, Siena 1398–1482 Siena",,Giovanni di Paolo (Giovanni di Paolo di Grazia),Italian,1398.0,1482.0,,https://www.wikidata.org/wiki/Q946420,http://vocab.getty.edu/page/ulan/500116438,,1417,1482,Tempera and gold on wood,11 3/8 x 8 3/4 in. (28.9 x 22.2 cm),"[{'elementName': 'Overall', 'elementDescription': None, 'elementMeasurements': {'Height': 28.9, 'Width': 22.2}}]",European Paintings,Paintings,"The Friedsam Collection, Bequest of Michael Friedsam, 1931",,,,,,,,,,,,,,https://www.metmuseum.org/art/collection/search/436511,https://www.wikidata.org/wiki/Q19911708,2025-04-16T04:58:43.807Z,"Metropolitan Museum of Art, New York, NY","['Angels', 'Christ', 'Saint Catherine']",True,956.0,False
436512,436512,False,06.1046,1906,True,https://images.metmuseum.org/CRDImages/ep/original/DP-19297-001.jpg,https://images.metmuseum.org/CRDImages/ep/web-large/DP-19297-001.jpg,[],"Painting, predella panel",Paradise,,,,,,"[{'constituentID': 161939, 'role': 'Artist', 'name': 'Giovanni di Paolo (Giovanni di Paolo di Grazia)', 'constituentULAN_URL': 'http://vocab.getty.edu/page/ulan/500116438', 'constituentWikidata_URL': 'https://www.wikidata.org/wiki/Q946420', 'gender': ''}]",Artist,,Giovanni di Paolo (Giovanni di Paolo di Grazia),"Italian, Siena 1398–1482 Siena",,Giovanni di Paolo (Giovanni di Paolo di Grazia),Italian,1398.0,1482.0,,https://www.wikidata.org/wiki/Q946420,http://vocab.getty.edu/page/ulan/500116438,1445,1445,1445,"Tempera and gold on canvas, transferred from wood",18 7/16 × 16 1/16 in. (46.8 × 40.8 cm); painted surface 17 1/2 x 15 1/8 in. (44.5 x 38.4 cm),"[{'elementName': 'Overall', 'elementDescription': None, 'elementMeasurements': {'Height': 46.831345, 'Thickness': 1.9050038, 'Width': 40.798832}}, {'elementName': 'Framed', 'elementDescription': None, 'elementMeasurements': {'Depth': 8.89, 'Height': 62.5476, 'Width': 56.5151}}]",European Paintings,Paintings,"Rogers Fund, 1906",,,,,,,,,,,,,,https://www.metmuseum.org/art/collection/search/436512,https://www.wikidata.org/wiki/Q19911510,2025-04-16T04:58:43.807Z,"Metropolitan Museum of Art, New York, NY","['Gardens', 'Men', 'Women', 'Rabbits', 'Angels', 'Saints']",True,,False
436513,436513,False,41.100.4,1941,True,https://images.metmuseum.org/CRDImages/ep/original/DP-26503-001.jpg,https://images.metmuseum.org/CRDImages/ep/web-large/DP-26503-001.jpg,[],"Painting, predella panel",The Presentation of Christ in the Temple,,,,,,"[{'constituentID': 161939, 'role': 'Artist', 'name': 'Giovanni di Paolo (Giovanni di Paolo di Grazia)', 'constituentULAN_URL': 'http://vocab.getty.edu/page/ulan/500116438', 'constituentWikidata_URL': 'https://www.wikidata.org/wiki/Q946420', 'gender': ''}]",Artist,,Giovanni di Paolo (Giovanni di Paolo di Grazia),"Italian, Siena 1398–1482 Siena",,Giovanni di Paolo (Giovanni di Paolo di Grazia),Italian,1398.0,1482.0,,https://www.wikidata.org/wiki/Q946420,http://vocab.getty.edu/page/ulan/500116438,ca. 1435,1430,1440,Tempera and gold on wood,Overall 15 1/2 x 18 1/8 in. (39.4 x 46 cm); painted surface 15 1/4 x 17 1/4 in. (38.7 x 43.8 cm),"[{'elementName': 'Overall', 'elementDescription': None, 'elementMeasurements': {'Height': 39.4, 'Width': 46}}, {'elementName': 'Framed', 'elementDescription': None, 'elementMeasurements': {'Depth': 9.525, 'Height': 54.2926, 'Width': 60.3251}}]",European Paintings,Paintings,"Gift of George Blumenthal, 1941",,,,,,,,,,,,,,https://www.metmuseum.org/art/collection/search/436513,https://www.wikidata.org/wiki/Q19911876,2025-10-23T04:51:40.987Z,"Metropolitan Museum of Art, New York, NY","['Temples', 'Men', 'Women', 'Virgin Mary', 'Jesus', 'Saints', 'Joseph']",False,,False
436514,436514,False,32.100.83a–d,1932,True,https://images.metmuseum.org/CRDImages/ep/original/DT2830.jpg,https://images.metmuseum.org/CRDImages/ep/web-large/DT2830.jpg,[],"Painting, pilasters of an altarpiece","Saints Catherine of Alexandria, Barbara, Agatha, and Margaret",,,,,,"[{'constituentID': 161939, 'role': 'Artist', 'name': 'Giovanni di Paolo (Giovanni di Paolo di Grazia)', 'constituentULAN_URL': 'http://vocab.getty.edu/page/ulan/500116438', 'constituentWikidata_URL': 'https://www.wikidata.org/wiki/Q946420', 'gender': ''}]",Artist,,Giovanni di Paolo (Giovanni di Paolo di Grazia),"Italian, Siena 1398–1482 Siena",,Giovanni di Paolo (Giovanni di Paolo di Grazia),Italian,1398.0,1482.0,,https://www.wikidata.org/wiki/Q946420,http://vocab.getty.edu/page/ulan/500116438,ca. 1470,1465,1475,"Tempera on wood, gold ground","(a) overall 18 3/4 x 6 in. (47.6 x 15.2 cm), painted surface 18 1/4 x 5 1/2 in. (46.4 x 14 cm); (b) overall 18 3/4 x 6 in. (47.6 x 15.2 cm), painted surface 18 3/8 x 5 5/8 in. (46.7 x 14.3 cm); (c) overall 18 3/4 x 6 in. (47.6 x 15.2 cm), painted surface 18 3/8 x 5 3/8 in. (46.7 x 13.7 cm); (d) overall 18 3/4 x 6 in. (47.6 x 15.2 cm), painted surface 18 1/4 x 5 5/8 in. (46.4 x 14.3 cm)","[{'elementName': 'Overall', 'elementDescription': None, 'elementMeasurements': {'Height': 47.6, 'Width': 15.2}}]",European Paintings,Paintings,"The Friedsam Collection, Bequest of Michael Friedsam, 1931",,,,,,,,,,,,,,https://www.metmuseum.org/art/collection/search/436514,https://www.wikidata.org/wiki/Q19911997,2025-05-22T04:50:13.743Z,"Metropolitan Museum of Art, New York, NY","['Saint Catherine', 'Saints', 'Saint Barbara']",False,,False
436515,436515,False,88.3.111,1888,True,https://images.metmuseum.org/CRDImages/ep/original/DP-19499-001.jpg,https://images.metmuseum.org/CRDImages/ep/web-large/DP-19499-001.jpg,[],Painting,Saints Matthew and Francis,,,,,,"[{'constituentID': 161939, 'role': 'Artist', 'name': 'Giovanni di Paolo (Giovanni di Paolo di Grazia)', 'constituentULAN_URL': 'http://vocab.getty.edu/page/ulan/500116438', 'constituentWikidata_URL': 'https://www.wikidata.org/wiki/Q946420', 'gender': ''}]",Artist,,Giovanni di Paolo (Giovanni di Paolo di Grazia),"Italian, Siena 1398–1482 Siena",,Giovanni di Paolo (Giovanni di Paolo di Grazia),Italian,1398.0,1482.0,,https://www.wikidata.org/wiki/Q946420,http://vocab.getty.edu/page/ulan/500116438,ca. 1435,1430,1440,"Tempera on wood, gold ground","Overall, with added strips, 54 5/8 x 34 3/4 in. (138.7 x 88.3 cm); painted surface 52 7/8 x 33 1/2 in. (134.3 x 85.1 cm)","[{'elementName': 'Overall', 'elementDescription': None, 'elementMeasurements': {'Height': 138.7, 'Width': 88.3}}]",European Paintings,Paintings,"Gift of Coudert Brothers, 1888",,,,,,,,,,,,,,https://www.metmuseum.org/art/collection/search/436515,https://www.wikidata.org/wiki/Q19905072,2025-04-09T04:57:24.78Z,"Metropolitan Museum of Art, New York, NY","['Saint Francis', 'Saint Matthew']",False,603.0,False
436516,436516,True,1995.7,1995,True,https://images.metmuseum.org/CRDImages/ep/original/DP164870.jpg,https://images.metmuseum.org/CRDImages/ep/web-large/DP164870.jpg,"['https://images.metmuseum.org/CRDImages/ep/original/DP164871.jpg', 'https://images.metmuseum.org/CRDImages/ep/original/LC-1995_7-2.jpg', 'https://images.metmuseum.org/CRDImages/ep/original/LC-1995_7-3.jpg']","Painting, birth tray",The Triumph of Fame; (reverse) Impresa of the Medici Family and Arms of the Medici and Tornabuoni Families,,,,,,"[{'constituentID': 108514, 'role': 'Artist', 'name': 'Giovanni di ser Giovanni Guidi (called Scheggia)', 'constituentULAN_URL': 'http://vocab.getty.edu/page/ulan/500022041', 'constituentWikidata_URL': 'https://www.wikidata.org/wiki/Q2738832', 'gender': ''}]",Artist,,Giovanni di ser Giovanni Guidi (called Scheggia),"Italian, San Giovanni Valdarno 1406–1486 Florence",,Giovanni di ser Giovanni Guidi (called Scheggia),Italian,1406.0,1486.0,,https://www.wikidata.org/wiki/Q2738832,http://vocab.getty.edu/page/ulan/500022041,ca. 1449,1444,1454,"Tempera, silver, and gold on wood","Overall, with engaged frame, diameter 36 1/2 in. (92.7 cm); recto, painted surface, diameter 24 5/8 in. (62.5 cm); verso, painted surface, diameter 29 5/8 in. (75.2 cm)","[{'elementName': 'Overall', 'elementDescription': None, 'elementMeasurements': {'Height': 92.7, 'Width': 92.7}}]",European Paintings,Paintings,"Purchase in memory of Sir John Pope-Hennessy: Rogers Fund, The Annenberg Foundation, Drue Heinz Foundation, Annette de la Renta, Mr. and Mrs. Frank E. Richardson, and The Vincent Astor Foundation Gifts, Wrightsman and Gwynne Andrews Funds, special funds, and Gift of the children of Mrs. Harry Payne Whitney, Gift of Mr. and Mrs. Joshua Logan, and other gifts and bequests, by exchange, 1995",,,,,,,,,,,,,,https://www.metmuseum.org/art/collection/search/436516,https://www.wikidata.org/wiki/Q3998939,2025-06-27T04:50:31.807Z,"Metropolitan Museum of Art, New York, NY","['Animals', 'Armor', 'Men', 'Dogs', 'Horses']",True,604.0,False
436517,436517,False,49.7.8,1949,True,https://images.metmuseum.org/CRDImages/ep/original/DT200204.jpg,https://images.metmuseum.org/CRDImages/ep/web-large/DT200204.jpg,[],"Painting, drawing",Descent from the Cross,,,,,,"[{'constituentID': 161940, 'role': 'Artist', 'name': 'Girolamo da Cremona', 'constituentULAN_URL': 'http://vocab.getty.edu/page/ulan/500017653', 'constituentWikidata_URL': 'https://www.wikidata.org/wiki/Q2485838', 'gender': ''}]",Artist,,Girolamo da Cremona,"Italian, active 1451–83",,Girolamo da Cremona,Italian,1451.0,1481.0,,https://www.wikidata.org/wiki/Q2485838,http://vocab.getty.edu/page/ulan/500017653,,1451,1483,"Tempera on parchment, laid down on wood",6 1/4 x 4 1/2 in. (15.9 x 11.4 cm),"[{'elementName': 'Overall', 'elementDescription': None, 'elementMeasurements': {'Height': 15.9, 'Width': 11.4}}]",European Paintings,Manuscripts and Illuminations,"The Jules Bache Collection, 1949",,,,,,,,,,,,,,https://www.metmuseum.org/art/collection/search/436517,https://www.wikidata.org/wiki/Q19913069,2025-10-09T04:51:37.793Z,"Metropolitan Museum of Art, New York, NY","['Christ', 'Mary Magdalene', 'Saint John the Evangelist', 'Descent from the Cross']",True,,False
436518,436518,False,20.92,1920,True,https://images.metmuseum.org/CRDImages/ep/original/DT2956.jpg,https://images.metmuseum.org/CRDImages/ep/web-large/DT2956.jpg,[],"Painting, altarpiece",Madonna and Child with Saints,,,,,,"[{'constituentID': 165428, 'role': 'Artist', 'name': 'Girolamo dai Libri', 'constituentULAN_URL': 'http://vocab.getty.edu/page/ulan/500023072', 'constituentWikidata_URL': 'https://www.wikidata.org/wiki/Q1440424', 'gender': ''}]",Artist,,Girolamo dai Libri,"Italian, Verona 1474–1555 Verona",,Girolamo dai Libri,Italian,1474.0,1555.0,,https://www.wikidata.org/wiki/Q1440424,http://vocab.getty.edu/page/ulan/500023072,ca. 1520,1515,1525,Tempera and oil on canvas,"Arched top, 157 x 81 1/2 in. (398.8 x 207 cm)","[{'elementName': 'Overall', 'elementDescription': None, 'elementMeasurements': {'Height': 398.8, 'Width': 207}}]",European Paintings,Paintings,"Fletcher Fund, 1920",,,,,,,,,,,,,,https://www.metmuseum.org/art/collection/search/436518,https://www.wikidata.org/wiki/Q19905201,2025-01-30T04:54:21.21Z,"Metropolitan Museum of Art, New York, NY","['Men', 'Women', 'Peacocks', 'Angels', 'Madonna and Child', 'Saints']",True,961.0,False
436519,436519,False,87.15.74,1887,True,https://images.metmuseum.org/CRDImages/ep/original/DP-23348-001.jpg,https://images.metmuseum.org/CRDImages/ep/web-large/DP-23348-001.jpg,[],Painting,Before the Mirror,,,,,,"[{'constituentID': 107710, 'role': 'Artist', 'name': 'Pierre-Paul-Léon Glaize', 'constituentULAN_URL': 'http://vocab.getty.edu/page/ulan/500028770', 'constituentWikidata_URL': 'https://www.wikidata.org/wiki/Q3383448', 'gender': ''}]",Artist,,Pierre-Paul-Léon Glaize,"French, Paris 1842–1932 Paris",,"Glaize, Pierre-Paul-Léon",French,1842.0,1932.0,,https://www.wikidata.org/wiki/Q3383448,http://vocab.getty.edu/page/ulan/500028770,1873,1873,1873,Oil on canvas,39 3/4 x 29 7/8 in. (101 x 75.9 cm),"[{'elementName': 'Overall', 'elementDescription': None, 'elementMeasurements': {'Height': 101, 'Width': 75.9}}]",European Paintings,Paintings,"Catharine Lorillard Wolfe Collection, Bequest of Catharine Lorillard Wolfe, 1887",,,,,,,,,,,,,,https://www.metmuseum.org/art/collection/search/436519,https://www.wikidata.org/wiki/Q19913251,2025-01-30T04:54:21.21Z,"Metropolitan Museum of Art, New York, NY","['Women', 'Mirrors']",False,,False
436520,436520,False,63.120,1963,True,https://images.metmuseum.org/CRDImages/ep/original/DP317663.jpg,https://images.metmuseum.org/CRDImages/ep/web-large/DP317663.jpg,['https://images.metmuseum.org/CRDImages/ep/original/DP317661.jpg'],Painting,"Marie Adélaïde de Savoie (1685–1712), Duchesse de Bourgogne",,,,,,"[{'constituentID': 164546, 'role': 'Artist', 'name': 'Pierre Gobert', 'constituentULAN_URL': 'http://vocab.getty.edu/page/ulan/500028944', 'constituentWikidata_URL': 'https://www.wikidata.org/wiki/Q762544', 'gender': ''}]",Artist,,Pierre Gobert,"French, Fontainebleau 1662–1744 Paris",,"Gobert, Pierre",French,1662.0,1744.0,,https://www.wikidata.org/wiki/Q762544,http://vocab.getty.edu/page/ulan/500028944,1710,1710,1710,Oil on canvas,"Oval, 28 3/4 x 23 1/4 in. (73 x 59.1 cm)","[{'elementName': 'Overall', 'elementDescription': None, 'elementMeasurements': {'Height': 73, 'Width': 59.1}}]",European Paintings,Paintings,"Gift of the Marquis de La Bégassière, 1963",,,,,,,,,,,,,,https://www.metmuseum.org/art/collection/search/436520,https://www.wikidata.org/wiki/Q19912365,2025-10-01T04:51:25.27Z,"Metropolitan Museum of Art, New York, NY","['Portraits', 'Women']",False,,False
436521,436521,False,29.100.15,1929,True,https://images.metmuseum.org/CRDImages/ep/original/DP347299.jpg,https://images.metmuseum.org/CRDImages/ep/web-large/DP347299.jpg,"['https://images.metmuseum.org/CRDImages/ep/original/LC-29_100_15-Xray.jpg', 'https://images.metmuseum.org/CRDImages/ep/original/LC-29_100_15-IRR.jpg']",Painting,Portrait of a Man,,,,,,"[{'constituentID': 165215, 'role': 'Artist', 'name': 'Hugo van der Goes', 'constituentULAN_URL': 'http://vocab.getty.edu/page/ulan/500007457', 'constituentWikidata_URL': 'https://www.wikidata.org/wiki/Q215251', 'gender': ''}]",Artist,,Hugo van der Goes,"Netherlandish, Ghent, active by 1467–died 1482 Roode-Klooster",,"Goes, Hugo van der",Netherlandish,1467.0,1482.0,,https://www.wikidata.org/wiki/Q215251,http://vocab.getty.edu/page/ulan/500007457,ca. 1475,1470,1480,Oil on wood,"Oval, overall 12 1/2 x 10 1/2 in. (31.8 x 26.7 cm); painted surface 12 1/2 x 10 1/4 in. (31.8 x 26 cm)","[{'elementName': 'Overall', 'elementDescription': None, 'elementMeasurements': {'Height': 31.8, 'Width': 26.7}}, {'elementName': 'Framed', 'elementDescription': None, 'elementMeasurements': {'Depth': 5.7150116, 'Height': 46.037594, 'Width': 40.322582}}]",European Paintings,Paintings,"H. O. Havemeyer Collection, Bequest of Mrs. H. O. Havemeyer, 1929",,,,,,,,,,,,,,https://www.metmuseum.org/art/collection/search/436521,https://www.wikidata.org/wiki/Q20167120,2025-06-19T04:50:33.487Z,"Metropolitan Museum of Art, New York, NY","['Men', 'Portraits']",False,602.0,False
436522,436522,False,22.60.53,1922,True,https://images.metmuseum.org/CRDImages/ep/original/DP-19585-001.jpg,https://images.metmuseum.org/CRDImages/ep/web-large/DP-19585-001.jpg,"['https://images.metmuseum.org/CRDImages/ep/original/LC-22_60_53-XRAY.jpg', 'https://images.metmuseum.org/CRDImages/ep/original/LC-22_60_53-IRR.jpg']",Painting,A Benedictine Monk,,,,,,"[{'constituentID': 165215, 'role': 'Artist', 'name': 'Circle of Hugo van der Goes', 'constituentULAN_URL': 'http://vocab.getty.edu/page/ulan/500007457', 'constituentWikidata_URL': 'https://www.wikidata.org/wiki/Q215251', 'gender': ''}]",Artist,Circle of,Hugo van der Goes,"Netherlandish, early 1480s",,"Goes, Hugo van der",Netherlandish,1467.0,1482.0,,https://www.wikidata.org/wiki/Q215251,http://vocab.getty.edu/page/ulan/500007457,,1480,1483,Oil on wood,"Overall 9 7/8 x 7 3/8 in. (25.1 x 18.7 cm), with added strip of 3/4 in. (1.9 cm) at right","[{'elementName': 'Overall', 'elementDescription': None, 'elementMeasurements': {'Height': 25.1, 'Width': 18.7}}, {'elementName': 'Framed', 'elementDescription': None, 'elementMeasurements': {'Depth': 3.1750064, 'Height': 35.24257, 'Width': 26.035051}}]",European Paintings,Paintings,"The Bequest of Michael Dreicer, 1921",,,,,,,,,,,,,,https://www.metmuseum.org/art/collection/search/436522,https://www.wikidata.org/wiki/Q19912002,2025-06-19T04:50:33.487Z,"Metropolitan Museum of Art, New York, NY","['Men', 'Portraits', 'Monks']",True,602.0,False
436523,436523,False,71.100,1871,True,https://images.metmuseum.org/CRDImages/ep/original/DP332733.jpg,https://images.metmuseum.org/CRDImages/ep/web-large/DP332733.jpg,[],Painting,The Adoration of the Magi,,,,,,"[{'constituentID': 165215, 'role': 'Artist', 'name': 'Copy after Hugo van der Goes', 'constituentULAN_URL': 'http://vocab.getty.edu/page/ulan/500007457', 'constituentWikidata_URL': 'https://www.wikidata.org/wiki/Q215251', 'gender': ''}]",Artist,Copy after,Hugo van der Goes,"Netherlandish, late 15th century",,"Goes, Hugo van der",Netherlandish,1467.0,1482.0,,https://www.wikidata.org/wiki/Q215251,http://vocab.getty.edu/page/ulan/500007457,,1470,1499,Oil on wood,29 1/8 x 25 5/8 in. (74 x 65.1 cm),"[{'elementName': 'Overall', 'elementDescription': None, 'elementMeasurements': {'Height': 74, 'Width': 65.1}}]",European Paintings,Paintings,"Purchase, 1871",,,,,,,,,,,,,,https://www.metmuseum.org/art/collection/search/436523,https://www.wikidata.org/wiki/Q19911561,2025-06-19T04:50:33.487Z,"Metropolitan Museum of Art, New York, NY","['Men', 'Virgin Mary', 'Jesus', 'Adoration of the Magi', 'Saints']",False,,False
436524,436524,False,49.41,1949,True,https://images.metmuseum.org/CRDImages/ep/original/DP229743.jpg,https://images.metmuseum.org/CRDImages/ep/web-large/DP229743.jpg,[],Painting,Sunflowers,,,,,,"[{'constituentID': 161947, 'role': 'Artist', 'name': 'Vincent van Gogh', 'constituentULAN_URL': 'http://vocab.getty.edu/page/ulan/500115588', 'constituentWikidata_URL': 'https://www.wikidata.org/wiki/Q5582', 'gender': ''}]",Artist,,Vincent van Gogh,"Dutch, Zundert 1853–1890 Auvers-sur-Oise",,"Gogh, Vincent van",Dutch,1853.0,1890.0,,https://www.wikidata.org/wiki/Q5582,http://vocab.getty.edu/page/ulan/500115588,1887,1887,1887,Oil on canvas,17 x 24 in. (43.2 x 61 cm),"[{'elementName': 'Overall', 'elementDescription': None, 'elementMeasurements': {'Height': 43.2, 'Width': 61}}, {'elementName': 'Framed', 'elementDescription': None, 'elementMeasurements': {'Depth': 6.35, 'Height': 66.6751, 'Width': 85.0902}}]",European Paintings,Paintings,"Rogers Fund, 1949",,,,,,,,,,,,,,https://www.metmuseum.org/art/collection/search/436524,https://www.wikidata.org/wiki/Q9213165,2025-09-26T04:51:03.44Z,"Metropolitan Museum of Art, New York, NY","['Sunflowers', 'Still Life']",False,825.0,False
436525,436525,False,1993.400.4,1993,True,https://images.metmuseum.org/CRDImages/ep/original/DT7098.jpg,https://images.metmuseum.org/CRDImages/ep/web-large/DT7098.jpg,[],Painting,Bouquet of Flowers in a Vase,,,,,,"[{'constituentID': 161947, 'role': 'Artist', 'name': 'Vincent van Gogh', 'constituentULAN_URL': 'http://vocab.getty.edu/page/ulan/500115588', 'constituentWikidata_URL': 'https://www.wikidata.org/wiki/Q5582', 'gender': ''}]",Artist,,Vincent van Gogh,"Dutch, Zundert 1853–1890 Auvers-sur-Oise",,"Gogh, Vincent van",Dutch,1853.0,1890.0,,https://www.wikidata.org/wiki/Q5582,http://vocab.getty.edu/page/ulan/500115588,1890,1890,1890,Oil on canvas,25 5/8 x 21 1/4 in. (65.1 x 54 cm),"[{'elementName': 'Overall', 'elementDescription': None, 'elementMeasurements': {'Height': 65.1, 'Width': 54}}]",European Paintings,Paintings,"The Walter H. and Leonore Annenberg Collection, Gift of Walter H. and Leonore Annenberg, 1993, Bequest of Walter H. Annenberg, 2002",,,,,,,,,,,,,,https://www.metmuseum.org/art/collection/search/436525,https://www.wikidata.org/wiki/Q19905329,2025-10-24T04:51:05.727Z,"Metropolitan Museum of Art, New York, NY","['Flowers', 'Still Life']",False,822.0,False
436526,436526,False,64.165.2,1964,True,https://images.metmuseum.org/CRDImages/ep/original/DP124808.jpg,https://images.metmuseum.org/CRDImages/ep/web-large/DP124808.jpg,[],Painting,"First Steps, after Millet",,,,,,"[{'constituentID': 161947, 'role': 'Artist', 'name': 'Vincent van Gogh', 'constituentULAN_URL': 'http://vocab.getty.edu/page/ulan/500115588', 'constituentWikidata_URL': 'https://www.wikidata.org/wiki/Q5582', 'gender': ''}]",Artist,,Vincent van Gogh,"Dutch, Zundert 1853–1890 Auvers-sur-Oise",,"Gogh, Vincent van",Dutch,1853.0,1890.0,,https://www.wikidata.org/wiki/Q5582,http://vocab.getty.edu/page/ulan/500115588,1890,1890,1890,Oil on canvas,28 1/2 x 35 7/8 in. (72.4 x 91.1 cm),"[{'elementName': 'Framed', 'elementDescription': None, 'elementMeasurements': {'Depth': 8.89, 'Height': 95.2502, 'Width': 113.0302}}, {'elementName': 'Overall', 'elementDescription': None, 'elementMeasurements': {'Height': 72.4, 'Width': 91.1}}]",European Paintings,Paintings,"Gift of George N. and Helen M. Richard, 1964",,,,,,,,,,,,,,https://www.metmuseum.org/art/collection/search/436526,https://www.wikidata.org/wiki/Q11816717,2025-09-26T04:51:03.44Z,"Metropolitan Museum of Art, New York, NY","['Gardens', 'Children', 'Men', 'Women']",True,825.0,False
436527,436527,False,56.13,1956,True,https://images.metmuseum.org/CRDImages/ep/original/DP-14936-045.jpg,https://images.metmuseum.org/CRDImages/ep/web-large/DP-14936-045.jpg,[],Painting,The Flowering Orchard,,,,,,"[{'constituentID': 161947, 'role': 'Artist', 'name': 'Vincent van Gogh', 'constituentULAN_URL': 'http://vocab.getty.edu/page/ulan/500115588', 'constituentWikidata_URL': 'https://www.wikidata.org/wiki/Q5582', 'gender': ''}]",Artist,,Vincent van Gogh,"Dutch, Zundert 1853–1890 Auvers-sur-Oise",,"Gogh, Vincent van",Dutch,1853.0,1890.0,,https://www.wikidata.org/wiki/Q5582,http://vocab.getty.edu/page/ulan/500115588,1888,1888,1888,Oil on canvas,28 1/2 x 21 in. (72.4 x 53.3 cm),"[{'elementName': 'Overall', 'elementDescription': None, 'elementMeasurements': {'Height': 72.4, 'Width': 53.3}}, {'elementName': 'Framed', 'elementDescription': None, 'elementMeasurements': {'Depth': 11.43, 'Height': 91.440186, 'Width': 71.12014}}, {'elementName': 'Glazing', 'elementDescription': None, 'elementMeasurements': {'Height': 74.93015, 'Width': 55.56261}}]",European Paintings,Paintings,"The Mr. and Mrs. Henry Ittleson Jr. Purchase Fund, 1956",,,,,,,,,,,,,,https://www.metmuseum.org/art/collection/search/436527,https://www.wikidata.org/wiki/Q19911620,2025-06-11T04:50:49.767Z,"Metropolitan Museum of Art, New York, NY",['Trees'],True,,False
436528,436528,True,58.187,1958,True,https://images.metmuseum.org/CRDImages/ep/original/DP346474.jpg,https://images.metmuseum.org/CRDImages/ep/web-large/DP346474.jpg,[],Painting,Irises,,,,,,"[{'constituentID': 161947, 'role': 'Artist', 'name': 'Vincent van Gogh', 'constituentULAN_URL': 'http://vocab.getty.edu/page/ulan/500115588', 'constituentWikidata_URL': 'https://www.wikidata.org/wiki/Q5582', 'gender': ''}]",Artist,,Vincent van Gogh,"Dutch, Zundert 1853–1890 Auvers-sur-Oise",,"Gogh, Vincent van",Dutch,1853.0,1890.0,,https://www.wikidata.org/wiki/Q5582,http://vocab.getty.edu/page/ulan/500115588,1890,1890,1890,Oil on canvas,29 x 36 1/4 in. (73.7 x 92.1 cm),"[{'elementName': 'Framed', 'elementDescription': None, 'elementMeasurements': {'Depth': 8.89, 'Height': 97.1552, 'Width': 115.5702}}, {'elementName': 'Other', 'elementDescription': 'plexi', 'elementMeasurements': {'Height': 73.66015, 'Width': 91.916435}}, {'elementName': 'Overall', 'elementDescription': None, 'elementMeasurements': {'Height': 73.7, 'Width': 92.1}}]",European Paintings,Paintings,"Gift of Adele R. Levy, 1958",,,,,,,,,,,,,,https://www.metmuseum.org/art/collection/search/436528,https://www.wikidata.org/wiki/Q19911667,2025-10-10T08:45:47.623Z,"Metropolitan Museum of Art, New York, NY","['Flowers', 'Still Life']",True,825.0,False
436529,436529,False,51.112.3,1951,True,https://images.metmuseum.org/CRDImages/ep/original/DT1396.jpg,https://images.metmuseum.org/CRDImages/ep/web-large/DT1396.jpg,[],Painting,"L'Arlésienne: Madame Joseph-Michel Ginoux (Marie Julien, 1848–1911)",,,,,,"[{'constituentID': 161947, 'role': 'Artist', 'name': 'Vincent van Gogh', 'constituentULAN_URL': 'http://vocab.getty.edu/page/ulan/500115588', 'constituentWikidata_URL': 'https://www.wikidata.org/wiki/Q5582', 'gender': ''}]",Artist,,Vincent van Gogh,"Dutch, Zundert 1853–1890 Auvers-sur-Oise",,"Gogh, Vincent van",Dutch,1853.0,1890.0,,https://www.wikidata.org/wiki/Q5582,http://vocab.getty.edu/page/ulan/500115588,1888–89,1888,1889,Oil on canvas,36 × 29 in. (91.4 × 73.7 cm),"[{'elementName': 'Overall', 'elementDescription': None, 'elementMeasurements': {'Height': 91.4, 'Width': 73.7}}, {'elementName': 'Framed', 'elementDescription': None, 'elementMeasurements': {'Depth': 10.16, 'Height': 114.3002, 'Width': 97.1552}}, {'elementName': 'Glazing', 'elementDescription': None, 'elementMeasurements': {'Height': 92.07519, 'Width': 73.66015}}]",European Paintings,Paintings,"Bequest of Sam A. Lewisohn, 1951",,,,,,,,,,,,,,https://www.metmuseum.org/art/collection/search/436529,https://www.wikidata.org/wiki/Q17519173,2025-09-26T04:51:03.44Z,"Metropolitan Museum of Art, New York, NY","['Books', 'Portraits', 'Women']",True,825.0,False
436530,436530,False,62.24,1962,True,https://images.metmuseum.org/CRDImages/ep/original/DT1494.jpg,https://images.metmuseum.org/CRDImages/ep/web-large/DT1494.jpg,[],Painting,Oleanders,,,,,,"[{'constituentID': 161947, 'role': 'Artist', 'name': 'Vincent van Gogh', 'constituentULAN_URL': 'http://vocab.getty.edu/page/ulan/500115588', 'constituentWikidata_URL': 'https://www.wikidata.org/wiki/Q5582', 'gender': ''}]",Artist,,Vincent van Gogh,"Dutch, Zundert 1853–1890 Auvers-sur-Oise",,"Gogh, Vincent van",Dutch,1853.0,1890.0,,https://www.wikidata.org/wiki/Q5582,http://vocab.getty.edu/page/ulan/500115588,1888,1888,1888,Oil on canvas,23 3/4 x 29 in. (60.3 x 73.7 cm),"[{'elementName': 'Overall', 'elementDescription': None, 'elementMeasurements': {'Height': 60.3, 'Width': 73.7}}, {'elementName': 'Framed', 'elementDescription': None, 'elementMeasurements': {'Depth': 6.6675, 'Height': 81.9152, 'Width': 96.5202}}]",European Paintings,Paintings,"Gift of Mr. and Mrs. John L. Loeb, 1962",,,,,,,,,,,,,,https://www.metmuseum.org/art/collection/search/436530,https://www.wikidata.org/wiki/Q19911666,2025-10-24T04:51:05.727Z,"Metropolitan Museum of Art, New York, NY","['Books', 'Flowers', 'Still Life']",True,825.0,False
436531,436531,False,1984.393,1984,True,https://images.metmuseum.org/CRDImages/ep/original/DT2163.jpg,https://images.metmuseum.org/CRDImages/ep/web-large/DT2163.jpg,[],Painting,Peasant Woman Cooking by a Fireplace,,,,,,"[{'constituentID': 161947, 'role': 'Artist', 'name': 'Vincent van Gogh', 'constituentULAN_URL': 'http://vocab.getty.edu/page/ulan/500115588', 'constituentWikidata_URL': 'https://www.wikidata.org/wiki/Q5582', 'gender': ''}]",Artist,,Vincent van Gogh,"Dutch, Zundert 1853–1890 Auvers-sur-Oise",,"Gogh, Vincent van",Dutch,1853.0,1890.0,,https://www.wikidata.org/wiki/Q5582,http://vocab.getty.edu/page/ulan/500115588,1885,1885,1885,Oil on canvas,17 3/8 x 15 in. (44.1 x 38.1 cm),"[{'elementName': 'Overall', 'elementDescription': None, 'elementMeasurements': {'Height': 44.1, 'Width': 38.1}}, {'elementName': 'Framed', 'elementDescription': None, 'elementMeasurements': {'Depth': 8.255, 'Height': 60.9601, 'Width': 55.8801}}]",European Paintings,Paintings,"Gift of Mr. and Mrs. Mortimer Hays, 1984",,,,,,,,,,,,,,https://www.metmuseum.org/art/collection/search/436531,https://www.wikidata.org/wiki/Q19906011,2025-07-02T04:50:13.22Z,"Metropolitan Museum of Art, New York, NY","['Food', 'Fireplaces', 'Women', 'Cooking']",True,825.0,False
436532,436532,True,67.187.70a,1967,True,https://images.metmuseum.org/CRDImages/ep/original/DT1502_cropped2.jpg,https://images.metmuseum.org/CRDImages/ep/web-large/DT1502_cropped2.jpg,[],Painting,Self-Portrait with a Straw Hat (obverse: The Potato Peeler),,,,,,"[{'constituentID': 161947, 'role': 'Artist', 'name': 'Vincent van Gogh', 'constituentULAN_URL': 'http://vocab.getty.edu/page/ulan/500115588', 'constituentWikidata_URL': 'https://www.wikidata.org/wiki/Q5582', 'gender': ''}]",Artist,,Vincent van Gogh,"Dutch, Zundert 1853–1890 Auvers-sur-Oise",,"Gogh, Vincent van",Dutch,1853.0,1890.0,,https://www.wikidata.org/wiki/Q5582,http://vocab.getty.edu/page/ulan/500115588,1887,1887,1887,Oil on canvas,16 x 12 1/2 in. (40.6 x 31.8 cm),"[{'elementName': 'Overall', 'elementDescription': None, 'elementMeasurements': {'Height': 40.6, 'Width': 31.8}}, {'elementName': 'Framed', 'elementDescription': None, 'elementMeasurements': {'Depth': 6.0325, 'Height': 52.7051, 'Width': 43.1801}}]",European Paintings,Paintings,"Bequest of Miss Adelaide Milton de Groot (1876-1967), 1967",,,,,,,,,,,,,,https://www.metmuseum.org/art/collection/search/436532,https://www.wikidata.org/wiki/Q19911684,2025-06-10T04:50:22.027Z,"Metropolitan Museum of Art, New York, NY","['Men', 'Self-portraits']",True,825.0,False
436533,436533,False,1992.374,1992,True,https://images.metmuseum.org/CRDImages/ep/original/DT1947.jpg,https://images.metmuseum.org/CRDImages/ep/web-large/DT1947.jpg,[],Painting,Shoes,,,,,,"[{'constituentID': 161947, 'role': 'Artist', 'name': 'Vincent van Gogh', 'constituentULAN_URL': 'http://vocab.getty.edu/page/ulan/500115588', 'constituentWikidata_URL': 'https://www.wikidata.org/wiki/Q5582', 'gender': ''}]",Artist,,Vincent van Gogh,"Dutch, Zundert 1853–1890 Auvers-sur-Oise",,"Gogh, Vincent van",Dutch,1853.0,1890.0,,https://www.wikidata.org/wiki/Q5582,http://vocab.getty.edu/page/ulan/500115588,1888,1888,1888,Oil on canvas,18 × 21 3/4 in. (45.7 × 55.2 cm),"[{'elementName': 'Overall', 'elementDescription': None, 'elementMeasurements': {'Height': 45.7, 'Width': 55.2}}]",European Paintings,Paintings,"Purchase, The Annenberg Foundation Gift, 1992",,,,,,,,,,,,,,https://www.metmuseum.org/art/collection/search/436533,https://www.wikidata.org/wiki/Q19911520,2025-10-25T04:51:59.88Z,"Metropolitan Museum of Art, New York, NY","['Shoes', 'Still Life']",True,822.0,False
436534,436534,False,1993.400.5,1993,True,https://images.metmuseum.org/CRDImages/ep/original/DP346475.jpg,https://images.metmuseum.org/CRDImages/ep/web-large/DP346475.jpg,[],Painting,Roses,,,,,,"[{'constituentID': 161947, 'role': 'Artist', 'name': 'Vincent van Gogh', 'constituentULAN_URL': 'http://vocab.getty.edu/page/ulan/500115588', 'constituentWikidata_URL': 'https://www.wikidata.org/wiki/Q5582', 'gender': ''}]",Artist,,Vincent van Gogh,"Dutch, Zundert 1853–1890 Auvers-sur-Oise",,"Gogh, Vincent van",Dutch,1853.0,1890.0,,https://www.wikidata.org/wiki/Q5582,http://vocab.getty.edu/page/ulan/500115588,1890,1890,1890,Oil on canvas,36 5/8 x 29 1/8 in. (93 x 74 cm),"[{'elementName': 'Overall', 'elementDescription': None, 'elementMeasurements': {'Height': 93, 'Width': 74}}, {'elementName': 'Glazing', 'elementDescription': None, 'elementMeasurements': {'Height': 93.66269, 'Width': 75.24765}}]",European Paintings,Paintings,"The Walter H. and Leonore Annenberg Collection, Gift of Walter H. and Leonore Annenberg, 1993, Bequest of Walter H. Annenberg, 2002",,,,,,,,,,,,,,https://www.metmuseum.org/art/collection/search/436534,https://www.wikidata.org/wiki/Q19904856,2025-10-25T04:51:59.88Z,"Metropolitan Museum of Art, New York, NY","['Roses', 'Still Life']",True,822.0,False
